region,Resource,technology,cluster,R_ID,Zone,Num_VRE_Bins,CapRes_1,CapRes_2,THERM,VRE,MUST_RUN,STOR,FLEX,LDS,HYDRO,ESR_1,ESR_2,MinCapTag_1,MinCapTag_2,Min_Share,Max_Share,Existing_Cap_MWh,Existing_Cap_MW,Existing_Charge_Cap_MW,num_units,unmodified_existing_cap_mw,New_Build,Cap_Size,Min_Cap_MW,Max_Cap_MW,Max_Cap_MWh,Min_Cap_MWh,Max_Charge_Cap_MW,Min_Charge_Cap_MW,Min_Share_percent,Max_Share_percent,capex_mw,Inv_Cost_per_MWyr,Fixed_OM_Cost_per_MWyr,capex_mwh,Inv_Cost_per_MWhyr,Fixed_OM_Cost_per_MWhyr,Var_OM_Cost_per_MWh,Var_OM_Cost_per_MWh_In,Inv_Cost_Charge_per_MWyr,Fixed_OM_Cost_Charge_per_MWyr,Start_Cost_per_MW,Start_Fuel_MMBTU_per_MW,Heat_Rate_MMBTU_per_MWh,heat_rate_mmbtu_mwh_iqr,heat_rate_mmbtu_mwh_std,Fuel,Min_Power,Self_Disch,Eff_Up,Eff_Down,Hydro_Energy_to_Power_Ratio,Ratio_power_to_energy,Min_Duration,Max_Duration,Max_Flexible_Demand_Delay,Max_Flexible_Demand_Advance,Flexible_Demand_Energy_Eff,Ramp_Up_Percentage,Ramp_Dn_Percentage,Up_Time,Down_Time,NACC_Eff,NACC_Peak_to_Base,Reg_Max,Rsv_Max,Reg_Cost,Rsv_Cost,spur_miles,spur_capex,offshore_spur_miles,offshore_spur_capex,tx_miles,tx_capex,interconnect_annuity,Commit,Hydro_level
CA_N,CA_N_batteries_1,Batteries,1,1,1,0,0,0,0,0,0,1,0,0,0,0,0,0,0,0,0,10659.3,2653.8,0,52,0,0,51.04,0,0,-1,-1,-1,0,0,0,0,0,5955,0,0,0,0,0,0,0,0,0,10.34,0,0,None,0,0,0.92,0.92,0,0,1,10,0,0,0,1,1,0,0,0,0,0,0,0,0,0,0,0,0,0,0,0,0,0
CA_N,CA_N_biomass_1,Biomass,1,2,1,0,0,0,0,0,1,0,0,0,0,0,0,0,0,0,0,0,236.2,0,120,0,-1,1.97,0,0,-1,-1,-1,0,0,0,0,0,150850,0,0,0,6.87,0,0,0,0,0,15.99,4.915,3.95,None,0.314,0,1,1,0,0,0,0,0,0,0,1,1,0,0,0,0,0,0,0,0,0,0,0,0,0,0,0,1,0
CA_N,CA_N_conventional_hydroelectric_1,Conventional Hydroelectric,1,3,1,0,0,0,0,0,0,0,0,0,1,0,0,0,0,0,0,0,7519.1,0,131,0,-1,57.4,0,0,-1,-1,-1,0,0,0,0,0,53201,0,0,0,0,0,0,0,0,0,10.34,0,0,None,0.058,0,1,1,1,0,0,0,0,0,0,0.5,0.5,0,0,0,0,0,0,0,0,0,0,0,0,0,0,0,0,0.5
CA_N,CA_N_geothermal_1,Geothermal,1,4,1,0,0,0,0,0,1,0,0,0,0,0,0,0,0,0,0,0,987.4,0,24,0,-1,41.14,0,0,-1,-1,-1,0,0,0,0,0,236444,0,0,0,0,0,0,0,0,0,10.34,0,0,None,0.347,0,1,1,0,0,0,0,0,0,0,1,1,0,0,0,0,0,0,0,0,0,0,0,0,0,0,0,0,0
CA_N,CA_N_hydroelectric_pumped_storage_1,Hydroelectric Pumped Storage,1,5,1,0,0,0,0,0,0,1,0,0,0,0,0,0,0,0,0,35292,2276.9,0,24,0,0,94.87,0,0,-1,-1,-1,0,0,0,0,0,53201,0,0,0,0,0,0,0,0,0,10.34,0,0,None,0.236,0,0.866,0.866,0,0,1,16,0,0,0,1,1,0,0,0,0,0,0,0,0,0,0,0,0,0,0,0,0,0
CA_N,CA_N_natural_gas_fired_combined_cycle_1,Natural Gas Fired Combined Cycle,1,6,1,0,0,0,1,0,0,0,0,0,0,0,0,0,0,0,0,0,11409.7,0,42,0,0,271.66,0,0,-1,-1,-1,0,0,0,0,0,13661,0,0,0,4.36,0,0,0,104,2,7.76,1.36,2.719,pacific_naturalgas,0.457,0,1,1,0,0,0,0,0,0,0,0.64,0.64,6,6,0,0,0.106666667,0.213333333,0,0,0,0,0,0,0,0,0,1,0
CA_N,CA_N_natural_gas_fired_combustion_turbine_1,Natural Gas Fired Combustion Turbine,1,7,1,0,0,0,1,0,0,0,0,0,0,0,0,0,0,0,0,0,4732.2,0,126,0,0,37.56,0,0,-1,-1,-1,0,0,0,0,0,13920,0,0,0,5.97,0,0,0,135,3.5,10.83,1.744,2.217,pacific_naturalgas,0.538,0,1,1,0,0,0,0,0,0,0,3.78,3.78,1,1,0,0,0.63,1.26,0,0,0,0,0,0,0,0,0,1,0
CA_N,CA_N_natural_gas_steam_turbine_1,Natural Gas Steam Turbine,1,8,1,0,0,0,1,0,0,0,0,0,0,0,0,0,0,0,0,0,2.9,0,1,0,0,2.9,0,0,-1,-1,-1,0,0,0,0,0,58012,0,0,0,1.19,0,0,0,99,13.7,9.21,0,0,pacific_naturalgas,0,0,1,1,0,0,0,0,0,0,0,0.57,0.57,24,24,0,0,0.095,0.19,0,0,0,0,0,0,0,0,0,1,0
CA_N,CA_N_onshore_wind_turbine_1,Onshore Wind Turbine,1,9,1,1,0,0,0,1,0,0,0,0,0,0,0,0,0,0,0,0,1473.5,0,36,0,0,40.93,0,0,-1,-1,-1,0,0,0,0,0,42595,0,0,0,0,0,0,0,0,0,10.34,0,0,None,0,0,1,1,0,0,0,0,0,0,0,1,1,0,0,0,0,0,0,0,0,0,0,0,0,0,0,0,0,0
CA_N,CA_N_other_peaker_1,Other_peaker,1,10,1,0,0,0,1,0,0,0,0,0,0,0,0,0,0,0,0,0,786,0,169,0,0,4.65,0,0,0,0,0,0,0,0,0,0,21000,0,0,0,5.79,0,0,0,99,0,11.25,4.66,2.266,pacific_naturalgas,0.384,0,0,0,0,0,0,0,0,0,0,0,0,0,0,0,0,0,0,0,0,0,0,0,0,0,0,0,1,0
CA_N,CA_N_small_hydroelectric_1,Small Hydroelectric,1,11,1,0,0,0,0,0,1,0,0,0,0,0,0,0,0,0,0,0,227.3,0,135,0,-1,1.68,0,0,-1,-1,-1,0,0,0,0,0,53201,0,0,0,0,0,0,0,0,0,10.34,0,0,None,0.125,0,1,1,0,0,0,0,0,0,0,1,1,0,0,0,0,0,0,0,0,0,0,0,0,0,0,0,0,0
CA_N,CA_N_solar_photovoltaic_1,Solar Photovoltaic,1,12,1,1,0,0,0,1,0,0,0,0,0,0,0,0,0,0,0,0,6333.4,0,347,0,0,18.25,0,0,-1,-1,-1,0,0,0,0,0,20556,0,0,0,0,0,0,0,0,0,10.34,0,0,None,0,0,1,1,0,0,0,0,0,0,0,1,1,0,0,0,0,0,0,0,0,0,0,0,0,0,0,0,0,0
CA_S,CA_S_batteries_1,Batteries,1,13,2,0,0,0,0,0,0,1,0,0,0,0,0,0,0,0,0,36833.2,9806.2,0,179,0,0,54.78,0,0,-1,-1,-1,0,0,0,0,0,5955,0,0,0,0,0,0,0,0,0,10.34,0,0,None,0,0,0.92,0.92,0,0,1,10,0,0,0,1,1,0,0,0,0,0,0,0,0,0,0,0,0,0,0,0,0,0
CA_S,CA_S_biomass_1,Biomass,1,14,2,0,0,0,0,0,1,0,0,0,0,0,0,0,0,0,0,0,181.4,0,79,0,-1,2.3,0,0,-1,-1,-1,0,0,0,0,0,150850,0,0,0,5.23,0,0,0,0,0,12.17,3.658,3.316,None,0.35,0,1,1,0,0,0,0,0,0,0,1,1,0,0,0,0,0,0,0,0,0,0,0,0,0,0,0,1,0
CA_S,CA_S_conventional_hydroelectric_1,Conventional Hydroelectric,1,15,2,0,0,0,0,0,0,0,0,0,1,0,0,0,0,0,0,0,1346.4,0,50,0,-1,26.93,0,0,-1,-1,-1,0,0,0,0,0,53201,0,0,0,0,0,0,0,0,0,10.34,0,0,None,0.093,0,1,1,1,0,0,0,0,0,0,0.5,0.5,0,0,0,0,0,0,0,0,0,0,0,0,0,0,0,0,0.5
CA_S,CA_S_conventional_steam_coal_1,Conventional Steam Coal,1,16,2,0,0,0,1,0,0,0,0,0,0,0,0,0,0,0,0,0,57,0,1,0,0,57,0,0,-1,-1,-1,0,0,0,0,0,89429,0,0,0,2.12,0,0,0,140,16.5,10.82,0,0,pacific_coal,0.368,0,1,1,0,0,0,0,0,0,0,0.57,0.57,24,24,0,0,0.095,0.19,0,0,0,0,0,0,0,0,0,1,0
CA_S,CA_S_geothermal_1,Geothermal,1,17,2,0,0,0,0,0,1,0,0,0,0,0,0,0,0,0,0,0,1093,0,55,0,-1,19.87,0,0,-1,-1,-1,0,0,0,0,0,236444,0,0,0,0,0,0,0,0,0,10.34,0,0,None,0.248,0,1,1,0,0,0,0,0,0,0,1,1,0,0,0,0,0,0,0,0,0,0,0,0,0,0,0,0,0
CA_S,CA_S_hydroelectric_pumped_storage_1,Hydroelectric Pumped Storage,1,18,2,0,0,0,0,0,0,1,0,0,0,0,0,0,0,0,0,25807.5,1665,0,8,0,0,208.12,0,0,-1,-1,-1,0,0,0,0,0,53201,0,0,0,0,0,0,0,0,0,10.34,0,0,None,0.036,0,0.866,0.866,0,0,1,16,0,0,0,1,1,0,0,0,0,0,0,0,0,0,0,0,0,0,0,0,0,0
CA_S,CA_S_natural_gas_fired_combined_cycle_1,Natural Gas Fired Combined Cycle,1,19,2,0,0,0,1,0,0,0,0,0,0,0,0,0,0,0,0,0,10043,0,49,0,0,204.96,0,0,-1,-1,-1,0,0,0,0,0,13318,0,0,0,4.35,0,0,0,104,2,7.99,2.715,2.157,pacific_naturalgas,0.434,0,1,1,0,0,0,0,0,0,0,0.64,0.64,6,6,0,0,0.106666667,0.213333333,0,0,0,0,0,0,0,0,0,1,0
CA_S,CA_S_natural_gas_fired_combustion_turbine_1,Natural Gas Fired Combustion Turbine,1,20,2,0,0,0,1,0,0,0,0,0,0,0,0,0,0,0,0,0,6952.2,0,172,0,0,40.42,0,0,-1,-1,-1,0,0,0,0,0,12835,0,0,0,5.97,0,0,0,135,3.5,10.84,1.744,2.349,pacific_naturalgas,0.495,0,1,1,0,0,0,0,0,0,0,3.78,3.78,1,1,0,0,0.63,1.26,0,0,0,0,0,0,0,0,0,1,0
CA_S,CA_S_natural_gas_steam_turbine_1,Natural Gas Steam Turbine,1,21,2,0,0,0,1,0,0,0,0,0,0,0,0,0,0,0,0,0,2942,0,17,0,0,173.06,0,0,-1,-1,-1,0,0,0,0,0,40641,0,0,0,1.19,0,0,0,99,13.7,9.98,3.413,1.844,pacific_naturalgas,0.055,0,1,1,0,0,0,0,0,0,0,0.57,0.57,24,24,0,0,0.095,0.19,0,0,0,0,0,0,0,0,0,1,0
CA_S,CA_S_onshore_wind_turbine_1,Onshore Wind Turbine,1,22,2,1,0,0,0,1,0,0,0,0,0,0,0,0,0,0,0,0,4793.4,0,89,0,0,53.86,0,0,-1,-1,-1,0,0,0,0,0,42595,0,0,0,0,0,0,0,0,0,10.34,0,0,None,0,0,1,1,0,0,0,0,0,0,0,1,1,0,0,0,0,0,0,0,0,0,0,0,0,0,0,0,0,0
CA_S,CA_S_other_peaker_1,Other_peaker,1,23,2,0,0,0,1,0,0,0,0,0,0,0,0,0,0,0,0,0,115.1,0,71,0,0,1.62,0,0,0,0,0,0,0,0,0,0,21000,0,0,0,5.32,0,0,0,99,0,10.35,9.347,4.009,pacific_naturalgas,0.31,0,0,0,0,0,0,0,0,0,0,0,0,0,0,0,0,0,0,0,0,0,0,0,0,0,0,0,1,0
CA_S,CA_S_small_hydroelectric_1,Small Hydroelectric,1,24,2,0,0,0,0,0,1,0,0,0,0,0,0,0,0,0,0,0,120.3,0,108,0,-1,1.11,0,0,-1,-1,-1,0,0,0,0,0,53201,0,0,0,0,0,0,0,0,0,10.34,0,0,None,0.19,0,1,1,0,0,0,0,0,0,0,1,1,0,0,0,0,0,0,0,0,0,0,0,0,0,0,0,0,0
CA_S,CA_S_solar_photovoltaic_1,Solar Photovoltaic,1,25,2,1,0,0,0,1,0,0,0,0,0,0,0,0,0,0,0,0,15583.1,0,737,0,0,21.14,0,0,-1,-1,-1,0,0,0,0,0,20556,0,0,0,0,0,0,0,0,0,10.34,0,0,None,0,0,1,1,0,0,0,0,0,0,0,1,1,0,0,0,0,0,0,0,0,0,0,0,0,0,0,0,0,0
WECC_N,WECC_N_batteries_1,Batteries,1,26,3,0,0,0,0,0,0,1,0,0,0,0,0,0,0,0,0,828,342,0,15,0,0,22.8,0,0,-1,-1,-1,0,0,0,0,0,5955,0,0,0,0,0,0,0,0,0,10.34,0,0,None,0,0,0.92,0.92,0,0,1,10,0,0,0,1,1,0,0,0,0,0,0,0,0,0,0,0,0,0,0,0,0,0
WECC_N,WECC_N_biomass_1,Biomass,1,27,3,0,0,0,0,0,1,0,0,0,0,0,0,0,0,0,0,0,29.5,0,30,0,-1,0.98,0,0,-1,-1,-1,0,0,0,0,0,150850,0,0,0,4.34,0,0,0,0,0,10.1,2.544,1.897,None,0.408,0,1,1,0,0,0,0,0,0,0,1,1,0,0,0,0,0,0,0,0,0,0,0,0,0,0,0,1,0
WECC_N,WECC_N_conventional_hydroelectric_1,Conventional Hydroelectric,1,28,3,0,0,0,0,0,0,0,0,0,1,0,0,0,0,0,0,0,4048.7,0,91,0,-1,44.49,0,0,-1,-1,-1,0,0,0,0,0,53201,0,0,0,0,0,0,0,0,0,10.34,0,0,None,0.178,0,1,1,1.870582634,0,0,0,0,0,0,0.5,0.5,0,0,0,0,0,0,0,0,0,0,0,0,0,0,0,0,0.5
WECC_N,WECC_N_conventional_steam_coal_1,Conventional Steam Coal,1,29,3,0,0,0,1,0,0,0,0,0,0,0,0,0,0,0,0,0,4629.2,0,13,0,0,356.09,0,0,-1,-1,-1,0,0,0,0,0,73138,0,0,0,2.12,0,0,0,140,16.5,10.48,0.514,1.09,mountain_coal,0.25,0,1,1,0,0,0,0,0,0,0,0.57,0.57,24,24,0,0,0.095,0.19,0,0,0,0,0,0,0,0,0,1,0
WECC_N,WECC_N_geothermal_1,Geothermal,1,30,3,0,0,0,0,0,1,0,0,0,0,0,0,0,0,0,0,0,962,0,66,0,-1,14.58,0,0,-1,-1,-1,0,0,0,0,0,236444,0,0,0,0,0,0,0,0,0,10.34,0,0,None,0.272,0,1,1,0,0,0,0,0,0,0,1,1,0,0,0,0,0,0,0,0,0,0,0,0,0,0,0,0,0
WECC_N,WECC_N_natural_gas_fired_combined_cycle_1,Natural Gas Fired Combined Cycle,1,31,3,0,0,0,1,0,0,0,0,0,0,0,0,0,0,0,0,0,3733.6,0,9,0,0,414.84,0,0,-1,-1,-1,0,0,0,0,0,12898,0,0,0,4.19,0,0,0,104,2,7.53,0.58,0.437,mountain_naturalgas,0.299,0,1,1,0,0,0,0,0,0,0,0.64,0.64,6,6,0,0,0.106666667,0.213333333,0,0,0,0,0,0,0,0,0,1,0
WECC_N,WECC_N_natural_gas_fired_combustion_turbine_1,Natural Gas Fired Combustion Turbine,1,32,3,0,0,0,1,0,0,0,0,0,0,0,0,0,0,0,0,0,1178.2,0,35,0,0,33.66,0,0,-1,-1,-1,0,0,0,0,0,13599,0,0,0,5.97,0,0,0,135,3.5,11.35,1.585,1.755,mountain_naturalgas,0.539,0,1,1,0,0,0,0,0,0,0,3.78,3.78,1,1,0,0,0.63,1.26,0,0,0,0,0,0,0,0,0,1,0
WECC_N,WECC_N_natural_gas_steam_turbine_1,Natural Gas Steam Turbine,1,33,3,0,0,0,1,0,0,0,0,0,0,0,0,0,0,0,0,0,124.7,0,6,0,0,20.78,0,0,-1,-1,-1,0,0,0,0,0,58012,0,0,0,1.19,0,0,0,99,13.7,12.13,0,1.377,mountain_naturalgas,0.257,0,1,1,0,0,0,0,0,0,0,0.57,0.57,24,24,0,0,0.095,0.19,0,0,0,0,0,0,0,0,0,1,0
WECC_N,WECC_N_onshore_wind_turbine_1,Onshore Wind Turbine,1,34,3,1,0,0,0,1,0,0,0,0,0,0,0,0,0,0,0,0,3412.8,0,66,0,0,51.71,0,0,-1,-1,-1,0,0,0,0,0,42595,0,0,0,0,0,0,0,0,0,10.34,0,0,None,0,0,1,1,0,0,0,0,0,0,0,1,1,0,0,0,0,0,0,0,0,0,0,0,0,0,0,0,0,0
WECC_N,WECC_N_other_peaker_1,Other_peaker,1,35,3,0,0,0,1,0,0,0,0,0,0,0,0,0,0,0,0,0,326.6,0,84,0,0,3.89,0,0,0,0,0,0,0,0,0,0,21000,0,0,0,4.99,0,0,0,99,0,9.7,2.213,2.858,mountain_naturalgas,0.555,0,0,0,0,0,0,0,0,0,0,0,0,0,0,0,0,0,0,0,0,0,0,0,0,0,0,0,1,0
WECC_N,WECC_N_small_hydroelectric_1,Small Hydroelectric,1,36,3,0,0,0,0,0,1,0,0,0,0,0,0,0,0,0,0,0,272.6,0,179,0,-1,1.52,0,0,-1,-1,-1,0,0,0,0,0,53201,0,0,0,0,0,0,0,0,0,10.34,0,0,None,0.189,0,1,1,0,0,0,0,0,0,0,1,1,0,0,0,0,0,0,0,0,0,0,0,0,0,0,0,0,0
WECC_N,WECC_N_solar_photovoltaic_1,Solar Photovoltaic,1,37,3,1,0,0,0,1,0,0,0,0,0,0,0,0,0,0,0,0,4237.8,0,101,0,0,41.96,0,0,-1,-1,-1,0,0,0,0,0,20556,0,0,0,0,0,0,0,0,0,10.34,0,0,None,0,0,1,1,0,0,0,0,0,0,0,1,1,0,0,0,0,0,0,0,0,0,0,0,0,0,0,0,0,0
WECC_NMAZ,WECC_NMAZ_batteries_1,Batteries,1,38,4,0,0,0,0,0,0,1,0,0,0,0,0,0,0,0,0,5975.2,2724.6,0,41,0,0,66.45,0,0,-1,-1,-1,0,0,0,0,0,5955,0,0,0,0,0,0,0,0,0,10.34,0,0,None,0,0,0.92,0.92,0,0,1,10,0,0,0,1,1,0,0,0,0,0,0,0,0,0,0,0,0,0,0,0,0,0
WECC_NMAZ,WECC_NMAZ_biomass_1,Biomass,1,39,4,0,0,0,0,0,1,0,0,0,0,0,0,0,0,0,0,0,21.4,0,10,0,-1,2.14,0,0,-1,-1,-1,0,0,0,0,0,150850,0,0,0,6.18,0,0,0,0,0,14.38,3.316,2.57,None,0.311,0,1,1,0,0,0,0,0,0,0,1,1,0,0,0,0,0,0,0,0,0,0,0,0,0,0,0,1,0
WECC_NMAZ,WECC_NMAZ_conventional_hydroelectric_1,Conventional Hydroelectric,1,40,4,0,0,0,0,0,0,0,0,0,1,0,0,0,0,0,0,0,3804.9,0,38,0,-1,100.13,0,0,-1,-1,-1,0,0,0,0,0,53201,0,0,0,0,0,0,0,0,0,10.34,0,0,None,0.003,0,1,1,1,0,0,0,0,0,0,0.5,0.5,0,0,0,0,0,0,0,0,0,0,0,0,0,0,0,0,0.5
WECC_NMAZ,WECC_NMAZ_conventional_steam_coal_1,Conventional Steam Coal,1,41,4,0,0,0,1,0,0,0,0,0,0,0,0,0,0,0,0,0,1800,0,6,0,0,300,0,0,-1,-1,-1,0,0,0,0,0,72627,0,0,0,2.12,0,0,0,140,16.5,10.43,0.945,1.023,mountain_coal,0.269,0,1,1,0,0,0,0,0,0,0,0.57,0.57,24,24,0,0,0.095,0.19,0,0,0,0,0,0,0,0,0,1,0
WECC_NMAZ,WECC_NMAZ_geothermal_1,Geothermal,1,42,4,0,0,0,0,0,1,0,0,0,0,0,0,0,0,0,0,0,13.8,0,5,0,-1,2.76,0,0,-1,-1,-1,0,0,0,0,0,236444,0,0,0,0,0,0,0,0,0,10.34,0,0,None,0.377,0,1,1,0,0,0,0,0,0,0,1,1,0,0,0,0,0,0,0,0,0,0,0,0,0,0,0,0,0
WECC_NMAZ,WECC_NMAZ_hydroelectric_pumped_storage_1,Hydroelectric Pumped Storage,1,43,4,0,0,0,0,0,0,1,0,0,0,0,0,0,0,0,0,3352.6,216.3,0,6,0,0,36.05,0,0,-1,-1,-1,0,0,0,0,0,53201,0,0,0,0,0,0,0,0,0,10.34,0,0,None,0.601,0,0.866,0.866,0,0,1,16,0,0,0,1,1,0,0,0,0,0,0,0,0,0,0,0,0,0,0,0,0,0
WECC_NMAZ,WECC_NMAZ_natural_gas_fired_combined_cycle_1,Natural Gas Fired Combined Cycle,1,44,4,0,0,0,1,0,0,0,0,0,0,0,0,0,0,0,0,0,16378.5,0,49,0,0,334.26,0,0,-1,-1,-1,0,0,0,0,0,12428,0,0,0,4.14,0,0,0,104,2,7.73,1.856,1.62,mountain_naturalgas,0.417,0,1,1,0,0,0,0,0,0,0,0.64,0.64,6,6,0,0,0.106666667,0.213333333,0,0,0,0,0,0,0,0,0,1,0
WECC_NMAZ,WECC_NMAZ_natural_gas_fired_combustion_turbine_1,Natural Gas Fired Combustion Turbine,1,45,4,0,0,0,1,0,0,0,0,0,0,0,0,0,0,0,0,0,6116,0,111,0,0,55.1,0,0,-1,-1,-1,0,0,0,0,0,12098,0,0,0,5.97,0,0,0,135,3.5,12.53,1.548,5.056,mountain_naturalgas,0.42,0,1,1,0,0,0,0,0,0,0,3.78,3.78,1,1,0,0,0.63,1.26,0,0,0,0,0,0,0,0,0,1,0
WECC_NMAZ,WECC_NMAZ_natural_gas_steam_turbine_1,Natural Gas Steam Turbine,1,46,4,0,0,0,1,0,0,0,0,0,0,0,0,0,0,0,0,0,1438,0,17,0,0,84.59,0,0,-1,-1,-1,0,0,0,0,0,58012,0,0,0,1.19,0,0,0,99,13.7,11.33,2.305,2.111,mountain_naturalgas,0.43,0,1,1,0,0,0,0,0,0,0,0.57,0.57,24,24,0,0,0.095,0.19,0,0,0,0,0,0,0,0,0,1,0
WECC_NMAZ,WECC_NMAZ_nuclear_1,Nuclear,1,47,4,0,0,0,1,0,0,0,0,0,0,0,0,0,0,0,0,0,4003,0,3,0,-1,1334.33,0,0,-1,-1,-1,0,0,0,0,0,218549,0,0,0,2.84,0,0,0,280,0,10.44,0,0,mountain_uranium,0.5,0,1,1,0,0,0,0,0,0,0,0.25,0.25,24,24,0,0,0.041666667,0.083333333,0,0,0,0,0,0,0,0,0,1,0
WECC_NMAZ,WECC_NMAZ_onshore_wind_turbine_1,Onshore Wind Turbine,1,48,4,1,0,0,0,1,0,0,0,0,0,0,0,0,0,0,0,0,7857.1,0,28,0,0,280.61,0,0,-1,-1,-1,0,0,0,0,0,42595,0,0,0,0,0,0,0,0,0,10.34,0,0,None,0,0,1,1,0,0,0,0,0,0,0,1,1,0,0,0,0,0,0,0,0,0,0,0,0,0,0,0,0,0
WECC_NMAZ,WECC_NMAZ_other_peaker_1,Other_peaker,1,49,4,0,0,0,1,0,0,0,0,0,0,0,0,0,0,0,0,0,478.7,0,30,0,0,15.96,0,0,0,0,0,0,0,0,0,0,21000,0,0,0,5.57,0,0,0,99,0,10.83,0.432,2.205,mountain_naturalgas,0.255,0,0,0,0,0,0,0,0,0,0,0,0,0,0,0,0,0,0,0,0,0,0,0,0,0,0,0,1,0
WECC_NMAZ,WECC_NMAZ_small_hydroelectric_1,Small Hydroelectric,1,50,4,0,0,0,0,0,1,0,0,0,0,0,0,0,0,0,0,0,30.1,0,18,0,-1,1.67,0,0,-1,-1,-1,0,0,0,0,0,53201,0,0,0,0,0,0,0,0,0,10.34,0,0,None,0.226,0,1,1,0,0,0,0,0,0,0,1,1,0,0,0,0,0,0,0,0,0,0,0,0,0,0,0,0,0
WECC_NMAZ,WECC_NMAZ_solar_photovoltaic_1,Solar Photovoltaic,1,51,4,1,0,0,0,1,0,0,0,0,0,0,0,0,0,0,0,0,10127.1,0,292,0,0,34.68,0,0,-1,-1,-1,0,0,0,0,0,20556,0,0,0,0,0,0,0,0,0,10.34,0,0,None,0,0,1,1,0,0,0,0,0,0,0,1,1,0,0,0,0,0,0,0,0,0,0,0,0,0,0,0,0,0
WECC_PNW,WECC_PNW_batteries_1,Batteries,1,52,5,0,0,0,0,0,0,1,0,0,0,0,0,0,0,0,0,143.4,41,0,7,0,0,5.86,0,0,-1,-1,-1,0,0,0,0,0,5955,0,0,0,0,0,0,0,0,0,10.34,0,0,None,0,0,0.92,0.92,0,0,1,10,0,0,0,1,1,0,0,0,0,0,0,0,0,0,0,0,0,0,0,0,0,0
WECC_PNW,WECC_PNW_biomass_1,Biomass,1,53,5,0,0,0,0,0,1,0,0,0,0,0,0,0,0,0,0,0,189.5,0,100,0,-1,1.9,0,0,-1,-1,-1,0,0,0,0,0,150850,0,0,0,6.72,0,0,0,0,0,15.64,2.764,4.568,None,0.203,0,1,1,0,0,0,0,0,0,0,1,1,0,0,0,0,0,0,0,0,0,0,0,0,0,0,0,1,0
WECC_PNW,WECC_PNW_conventional_hydroelectric_1,Conventional Hydroelectric,1,54,5,0,0,0,0,0,0,0,0,0,1,0,0,0,0,0,0,0,29741.5,0,355,0,-1,83.78,0,0,-1,-1,-1,0,0,0,0,0,53201,0,0,0,0,0,0,0,0,0,10.34,0,0,None,0.288,0,1,1,1.011012192,0,0,0,0,0,0,0.5,0.5,0,0,0,0,0,0,0,0,0,0,0,0,0,0,0,0,0.5
WECC_PNW,WECC_PNW_geothermal_1,Geothermal,1,55,5,0,0,0,0,0,1,0,0,0,0,0,0,0,0,0,0,0,30.8,0,4,0,-1,7.7,0,0,-1,-1,-1,0,0,0,0,0,236444,0,0,0,0,0,0,0,0,0,10.34,0,0,None,0.049,0,1,1,0,0,0,0,0,0,0,1,1,0,0,0,0,0,0,0,0,0,0,0,0,0,0,0,0,0
WECC_PNW,WECC_PNW_hydroelectric_pumped_storage_1,Hydroelectric Pumped Storage,1,56,5,0,0,0,0,0,0,1,0,0,0,0,0,0,0,0,0,4867,314,0,6,0,0,52.33,0,0,-1,-1,-1,0,0,0,0,0,53201,0,0,0,0,0,0,0,0,0,10.34,0,0,None,0,0,0.866,0.866,0,0,1,16,0,0,0,1,1,0,0,0,0,0,0,0,0,0,0,0,0,0,0,0,0,0
WECC_PNW,WECC_PNW_natural_gas_fired_combined_cycle_1,Natural Gas Fired Combined Cycle,1,57,5,0,0,0,1,0,0,0,0,0,0,0,0,0,0,0,0,0,6915.2,0,22,0,0,314.33,0,0,-1,-1,-1,0,0,0,0,0,15470,0,0,0,4.7,0,0,0,104,2,7.67,1.25,1.393,pacific_naturalgas,0.463,0,1,1,0,0,0,0,0,0,0,0.64,0.64,6,6,0,0,0.106666667,0.213333333,0,0,0,0,0,0,0,0,0,1,0
WECC_PNW,WECC_PNW_natural_gas_fired_combustion_turbine_1,Natural Gas Fired Combustion Turbine,1,58,5,0,0,0,1,0,0,0,0,0,0,0,0,0,0,0,0,0,1132.6,0,19,0,0,59.61,0,0,-1,-1,-1,0,0,0,0,0,12429,0,0,0,5.97,0,0,0,135,3.5,12.6,0.754,1.273,pacific_naturalgas,0.349,0,1,1,0,0,0,0,0,0,0,3.78,3.78,1,1,0,0,0.63,1.26,0,0,0,0,0,0,0,0,0,1,0
WECC_PNW,WECC_PNW_natural_gas_steam_turbine_1,Natural Gas Steam Turbine,1,59,5,0,0,0,1,0,0,0,0,0,0,0,0,0,0,0,0,0,3,0,1,0,0,3,0,0,-1,-1,-1,0,0,0,0,0,58012,0,0,0,1.19,0,0,0,99,13.7,9.21,0,0,pacific_naturalgas,0,0,1,1,0,0,0,0,0,0,0,0.57,0.57,24,24,0,0,0.095,0.19,0,0,0,0,0,0,0,0,0,1,0
WECC_PNW,WECC_PNW_nuclear_1,Nuclear,1,60,5,0,0,0,1,0,0,0,0,0,0,0,0,0,0,0,0,0,1172,0,1,0,-1,1172,0,0,-1,-1,-1,0,0,0,0,0,311155,0,0,0,2.84,0,0,0,280,0,10.44,0,0,pacific_uranium,0.5,0,1,1,0,0,0,0,0,0,0,0.25,0.25,24,24,0,0,0.041666667,0.083333333,0,0,0,0,0,0,0,0,0,1,0
WECC_PNW,WECC_PNW_onshore_wind_turbine_1,Onshore Wind Turbine,1,61,5,1,0,0,0,1,0,0,0,0,0,0,0,0,0,0,0,0,7350,0,79,0,0,93.04,0,0,-1,-1,-1,0,0,0,0,0,42595,0,0,0,0,0,0,0,0,0,10.34,0,0,None,0,0,1,1,0,0,0,0,0,0,0,1,1,0,0,0,0,0,0,0,0,0,0,0,0,0,0,0,0,0
WECC_PNW,WECC_PNW_other_peaker_1,Other_peaker,1,62,5,0,0,0,1,0,0,0,0,0,0,0,0,0,0,0,0,0,279.6,0,35,0,0,7.99,0,0,0,0,0,0,0,0,0,0,21000,0,0,0,4.54,0,0,0,99,0,8.82,0.564,0.678,pacific_naturalgas,0.357,0,0,0,0,0,0,0,0,0,0,0,0,0,0,0,0,0,0,0,0,0,0,0,0,0,0,0,1,0
WECC_PNW,WECC_PNW_small_hydroelectric_1,Small Hydroelectric,1,63,5,0,0,0,0,0,1,0,0,0,0,0,0,0,0,0,0,0,467.5,0,155,0,-1,3.02,0,0,-1,-1,-1,0,0,0,0,0,53201,0,0,0,0,0,0,0,0,0,10.34,0,0,None,0.27,0,1,1,0,0,0,0,0,0,0,1,1,0,0,0,0,0,0,0,0,0,0,0,0,0,0,0,0,0
WECC_PNW,WECC_PNW_solar_photovoltaic_1,Solar Photovoltaic,1,64,5,1,0,0,0,1,0,0,0,0,0,0,0,0,0,0,0,0,1489.5,0,130,0,0,11.46,0,0,-1,-1,-1,0,0,0,0,0,20556,0,0,0,0,0,0,0,0,0,10.34,0,0,None,0,0,1,1,0,0,0,0,0,0,0,1,1,0,0,0,0,0,0,0,0,0,0,0,0,0,0,0,0,0
WECC_WYCO,WECC_WYCO_batteries_1,Batteries,1,65,6,0,0,0,0,0,0,1,0,0,0,0,0,0,0,0,0,363.7,240.2,0,7,0,0,34.31,0,0,-1,-1,-1,0,0,0,0,0,5955,0,0,0,0,0,0,0,0,0,10.34,0,0,None,0,0,0.92,0.92,0,0,1,10,0,0,0,1,1,0,0,0,0,0,0,0,0,0,0,0,0,0,0,0,0,0
WECC_WYCO,WECC_WYCO_biomass_1,Biomass,1,66,6,0,0,0,0,0,1,0,0,0,0,0,0,0,0,0,0,0,9.9,0,12,0,-1,0.83,0,0,-1,-1,-1,0,0,0,0,0,150850,0,0,0,4.62,0,0,0,0,0,10.74,3.627,1.803,None,0.234,0,1,1,0,0,0,0,0,0,0,1,1,0,0,0,0,0,0,0,0,0,0,0,0,0,0,0,1,0
WECC_WYCO,WECC_WYCO_conventional_hydroelectric_1,Conventional Hydroelectric,1,67,6,0,0,0,0,0,0,0,0,0,1,0,0,0,0,0,0,0,708.8,0,26,0,-1,27.26,0,0,-1,-1,-1,0,0,0,0,0,53201,0,0,0,0,0,0,0,0,0,10.34,0,0,None,0,0,1,1,1,0,0,0,0,0,0,0.5,0.5,0,0,0,0,0,0,0,0,0,0,0,0,0,0,0,0,0.5
WECC_WYCO,WECC_WYCO_conventional_steam_coal_1,Conventional Steam Coal,1,68,6,0,0,0,1,0,0,0,0,0,0,0,0,0,0,0,0,0,6261,0,23,0,0,272.22,0,0,-1,-1,-1,0,0,0,0,0,73766,0,0,0,2.12,0,0,0,140,16.5,10.98,2.195,1.192,mountain_coal,0.343,0,1,1,0,0,0,0,0,0,0,0.57,0.57,24,24,0,0,0.095,0.19,0,0,0,0,0,0,0,0,0,1,0
WECC_WYCO,WECC_WYCO_hydroelectric_pumped_storage_1,Hydroelectric Pumped Storage,1,69,6,0,0,0,0,0,0,1,0,0,0,0,0,0,0,0,0,9002.4,580.8,0,5,0,0,116.16,0,0,-1,-1,-1,0,0,0,0,0,53201,0,0,0,0,0,0,0,0,0,10.34,0,0,None,0.258,0,0.866,0.866,0,0,1,16,0,0,0,1,1,0,0,0,0,0,0,0,0,0,0,0,0,0,0,0,0,0
WECC_WYCO,WECC_WYCO_natural_gas_fired_combined_cycle_1,Natural Gas Fired Combined Cycle,1,70,6,0,0,0,1,0,0,0,0,0,0,0,0,0,0,0,0,0,3561.5,0,13,0,0,273.96,0,0,-1,-1,-1,0,0,0,0,0,14487,0,0,0,4.56,0,0,0,104,2,8.21,1.263,1.467,mountain_naturalgas,0.362,0,1,1,0,0,0,0,0,0,0,0.64,0.64,6,6,0,0,0.106666667,0.213333333,0,0,0,0,0,0,0,0,0,1,0
WECC_WYCO,WECC_WYCO_natural_gas_fired_combustion_turbine_1,Natural Gas Fired Combustion Turbine,1,71,6,0,0,0,1,0,0,0,0,0,0,0,0,0,0,0,0,0,3156.8,0,60,0,0,52.61,0,0,-1,-1,-1,0,0,0,0,0,12459,0,0,0,5.97,0,0,0,135,3.5,12.28,2.053,2.503,mountain_naturalgas,0.436,0,1,1,0,0,0,0,0,0,0,3.78,3.78,1,1,0,0,0.63,1.26,0,0,0,0,0,0,0,0,0,1,0
WECC_WYCO,WECC_WYCO_natural_gas_steam_turbine_1,Natural Gas Steam Turbine,1,72,6,0,0,0,1,0,0,0,0,0,0,0,0,0,0,0,0,0,98,0,5,0,0,19.6,0,0,-1,-1,-1,0,0,0,0,0,58012,0,0,0,1.19,0,0,0,99,13.7,22.79,4.793,9.669,mountain_naturalgas,0.255,0,1,1,0,0,0,0,0,0,0,0.57,0.57,24,24,0,0,0.095,0.19,0,0,0,0,0,0,0,0,0,1,0
WECC_WYCO,WECC_WYCO_onshore_wind_turbine_1,Onshore Wind Turbine,1,73,6,1,0,0,0,1,0,0,0,0,0,0,0,0,0,0,0,0,11701.6,0,78,0,0,150.02,0,0,-1,-1,-1,0,0,0,0,0,42595,0,0,0,0,0,0,0,0,0,10.34,0,0,None,0,0,1,1,0,0,0,0,0,0,0,1,1,0,0,0,0,0,0,0,0,0,0,0,0,0,0,0,0,0
WECC_WYCO,WECC_WYCO_other_peaker_1,Other_peaker,1,74,6,0,0,0,1,0,0,0,0,0,0,0,0,0,0,0,0,0,442.2,0,97,0,0,4.56,0,0,0,0,0,0,0,0,0,0,21000,0,0,0,5.51,0,0,0,99,0,10.71,0.952,1.281,mountain_naturalgas,0.55,0,0,0,0,0,0,0,0,0,0,0,0,0,0,0,0,0,0,0,0,0,0,0,0,0,0,0,1,0
WECC_WYCO,WECC_WYCO_small_hydroelectric_1,Small Hydroelectric,1,75,6,0,0,0,0,0,1,0,0,0,0,0,0,0,0,0,0,0,106.6,0,71,0,-1,1.5,0,0,-1,-1,-1,0,0,0,0,0,53201,0,0,0,0,0,0,0,0,0,10.34,0,0,None,0.119,0,1,1,0,0,0,0,0,0,0,1,1,0,0,0,0,0,0,0,0,0,0,0,0,0,0,0,0,0
WECC_WYCO,WECC_WYCO_solar_photovoltaic_1,Solar Photovoltaic,1,76,6,1,0,0,0,1,0,0,0,0,0,0,0,0,0,0,0,0,2321.9,0,151,0,0,15.38,0,0,-1,-1,-1,0,0,0,0,0,20556,0,0,0,0,0,0,0,0,0,10.34,0,0,None,0,0,1,1,0,0,0,0,0,0,0,1,1,0,0,0,0,0,0,0,0,0,0,0,0,0,0,0,0,0
CA_N,CA_N_naturalgas_ccccsavgcf_conservative_0,NaturalGas_CCCCSAvgCF_Conservative,0,77,1,0,0,0,1,0,0,0,0,0,0,0,0,0,0,0,0,0,0,0,0,0,1,500,0,-1,-1,-1,-1,0,0,0,2592125.061,164719,75761,0,0,0,6.78,0,0,0,135,0,7.16,0,0,pacific_naturalgas_ccs90,0.6,0,1,1,0,0,0,0,0,0,0,0.64,0.64,6,6,0,0,0.106666667,0.213333333,0,0,20,175500,0,0,0,0,0,0,0
CA_N,CA_N_naturalgas_ccavgcf_moderate_0,NaturalGas_CCAvgCF_Moderate,0,78,1,0,0,0,1,0,0,0,0,0,0,0,0,0,0,0,0,0,0,0,0,0,1,500,0,-1,-1,-1,-1,0,0,0,1040226.206,76998,31661,0,0,0,2.26,0,0,0,135,2,6.36,0,0,pacific_naturalgas,0.2,0,1,1,0,0,0,0,0,0,0,0.64,0.64,6,6,0,0,0.106666667,0.213333333,0,0,0,0,0,0,0,0,0,0,0
CA_N,CA_N_naturalgas_ctavgcf_moderate_0,NaturalGas_CTAvgCF_Moderate,0,79,1,0,0,0,1,0,0,0,0,0,0,0,0,0,0,0,0,0,0,0,0,0,1,100,0,-1,-1,-1,-1,0,0,0,896213.959,59982,23746,0,0,0,5.65,0,0,0,176,3.5,9.72,0,0,pacific_naturalgas,0.3,0,1,1,0,0,0,0,0,0,0,3.78,3.78,1,1,0,0,0.63,1.26,0,0,0,0,0,0,0,0,0,0,0
CA_N,CA_N_battery_moderate_0,Battery_*_Moderate,0,80,1,0,0,0,0,0,0,1,0,0,0,0,0,0,0,0,0,0,0,0,0,0,1,1,0,-1,-1,-1,-1,0,0,0,285096.384,24024,7127,204899.41,17266,5122,0.15,0.15,0,0,0,0,0,0,0,None,0,0,0.92,0.92,0,0,1,10,0,0,0,1,1,0,0,0,0,0,0,0,0,0,0,0,0,0,0,0,0,0
CA_N,CA_N_nuclear_nuclear_moderate_0,Nuclear_Nuclear_Moderate,0,81,1,0,0,0,1,0,0,0,0,0,0,0,0,0,0,0,0,0,0,0,0,0,1,500,0,-1,-1,-1,-1,0,0,0,7875094.466,470671,165046,0,0,0,3.21,0,0,0,365,0,10.44,0,0,pacific_uranium,0.5,0,1,1,0,0,0,0,0,0,0,0.25,0.25,24,24,0,0,0.041666667,0.083333333,0,0,50,438750,0,0,0,0,0,1,0
CA_N,CA_N_landbasedwind_class3_moderate_1,LandbasedWind_Class3_Moderate_,1,82,1,1,0,0,0,1,0,0,0,0,0,0,0,0,0,0,0,0,0,0,0,0,1,1,0,199.9,-1,-1,-1,0,0,0,1190683.42,167896,44648,0,0,0,0,0,0,0,0,0,0,0,0,None,0,0,1,1,0,0,0,0,0,0,0,1,1,0,0,0,0,0,0,0,0,0,0,0,0,0,0,37969.901,0,0
CA_N,CA_N_landbasedwind_class3_moderate_2,LandbasedWind_Class3_Moderate_,2,83,1,1,0,0,0,1,0,0,0,0,0,0,0,0,0,0,0,0,0,0,0,0,1,1,0,262,-1,-1,-1,0,0,0,1190683.42,141599,44648,0,0,0,0,0,0,0,0,0,0,0,0,None,0,0,1,1,0,0,0,0,0,0,0,1,1,0,0,0,0,0,0,0,0,0,0,0,0,0,0,11672.988,0,0
CA_N,CA_N_landbasedwind_class3_moderate_3,LandbasedWind_Class3_Moderate_,3,84,1,1,0,0,0,1,0,0,0,0,0,0,0,0,0,0,0,0,0,0,0,0,1,1,0,249.3,-1,-1,-1,0,0,0,1190683.42,152582,44648,0,0,0,0,0,0,0,0,0,0,0,0,None,0,0,1,1,0,0,0,0,0,0,0,1,1,0,0,0,0,0,0,0,0,0,0,0,0,0,0,22655.438,0,0
CA_N,CA_N_landbasedwind_class3_moderate_4,LandbasedWind_Class3_Moderate_,4,85,1,1,0,0,0,1,0,0,0,0,0,0,0,0,0,0,0,0,0,0,0,0,1,1,0,164.9,-1,-1,-1,0,0,0,1190683.42,160052,44648,0,0,0,0,0,0,0,0,0,0,0,0,None,0,0,1,1,0,0,0,0,0,0,0,1,1,0,0,0,0,0,0,0,0,0,0,0,0,0,0,30125.315,0,0
CA_N,CA_N_landbasedwind_class3_moderate_5,LandbasedWind_Class3_Moderate_,5,86,1,1,0,0,0,1,0,0,0,0,0,0,0,0,0,0,0,0,0,0,0,0,1,1,0,239.5,-1,-1,-1,0,0,0,1190683.42,141180,44648,0,0,0,0,0,0,0,0,0,0,0,0,None,0,0,1,1,0,0,0,0,0,0,0,1,1,0,0,0,0,0,0,0,0,0,0,0,0,0,0,11253.345,0,0
CA_N,CA_N_landbasedwind_class3_moderate_6,LandbasedWind_Class3_Moderate_,6,87,1,1,0,0,0,1,0,0,0,0,0,0,0,0,0,0,0,0,0,0,0,0,1,1,0,150.7,-1,-1,-1,0,0,0,1190683.42,158642,44648,0,0,0,0,0,0,0,0,0,0,0,0,None,0,0,1,1,0,0,0,0,0,0,0,1,1,0,0,0,0,0,0,0,0,0,0,0,0,0,0,28715.556,0,0
CA_N,CA_N_utilitypv_class1_moderate_1,UtilityPV_Class1_Moderate_,1,88,1,1,0,0,0,1,0,0,0,0,0,0,0,0,0,0,0,0,0,0,0,0,1,1,0,47746.7,-1,-1,-1,0,0,0,955211.516,61058,18515,0,0,0,0,0,0,0,0,0,0,0,0,None,0,0,1,1,0,0,0,0,0,0,0,1,1,0,0,0,0,0,0,0,0,0,0,0,0,0,0,11397.871,0,0
CA_N,CA_N_utilitypv_class1_moderate_2,UtilityPV_Class1_Moderate_,2,89,1,1,0,0,0,1,0,0,0,0,0,0,0,0,0,0,0,0,0,0,0,0,1,1,0,59910.4,-1,-1,-1,0,0,0,955211.516,63644,18515,0,0,0,0,0,0,0,0,0,0,0,0,None,0,0,1,1,0,0,0,0,0,0,0,1,1,0,0,0,0,0,0,0,0,0,0,0,0,0,0,13983.353,0,0
CA_N,CA_N_utilitypv_class1_moderate_3,UtilityPV_Class1_Moderate_,3,90,1,1,0,0,0,1,0,0,0,0,0,0,0,0,0,0,0,0,0,0,0,0,1,1,0,46836,-1,-1,-1,0,0,0,955211.516,73005,18515,0,0,0,0,0,0,0,0,0,0,0,0,None,0,0,1,1,0,0,0,0,0,0,0,1,1,0,0,0,0,0,0,0,0,0,0,0,0,0,0,23344.883,0,0
CA_N,CA_N_utilitypv_class1_moderate_4,UtilityPV_Class1_Moderate_,4,91,1,1,0,0,0,1,0,0,0,0,0,0,0,0,0,0,0,0,0,0,0,0,1,1,0,60890.7,-1,-1,-1,0,0,0,955211.516,78172,18515,0,0,0,0,0,0,0,0,0,0,0,0,None,0,0,1,1,0,0,0,0,0,0,0,1,1,0,0,0,0,0,0,0,0,0,0,0,0,0,0,28511.555,0,0
CA_N,CA_N_utilitypv_class1_moderate_5,UtilityPV_Class1_Moderate_,5,92,1,1,0,0,0,1,0,0,0,0,0,0,0,0,0,0,0,0,0,0,0,0,1,1,0,43574.7,-1,-1,-1,0,0,0,955211.516,88474,18515,0,0,0,0,0,0,0,0,0,0,0,0,None,0,0,1,1,0,0,0,0,0,0,0,1,1,0,0,0,0,0,0,0,0,0,0,0,0,0,0,38813.964,0,0
CA_N,CA_N_utilitypv_class1_moderate_6,UtilityPV_Class1_Moderate_,6,93,1,1,0,0,0,1,0,0,0,0,0,0,0,0,0,0,0,0,0,0,0,0,1,1,0,63998.7,-1,-1,-1,0,0,0,955211.516,91434,18515,0,0,0,0,0,0,0,0,0,0,0,0,None,0,0,1,1,0,0,0,0,0,0,0,1,1,0,0,0,0,0,0,0,0,0,0,0,0,0,0,41773.788,0,0
CA_N,CA_N_offshorewind_class12_moderate_floating_1_0,OffShoreWind_Class12_Moderate_floating_1,0,94,1,1,0,0,0,1,0,0,0,0,0,0,0,0,0,0,0,0,0,0,0,0,1,1,0,3676.5,-1,-1,-1,0,0,0,4911759.835,91971,87013,0,0,0,0,0,0,0,0,0,0,0,0,None,0,0,1,1,0,0,0,0,0,0,0,1,1,0,0,0,0,0,0,0,0,0,0,0,0,0,0,91971.037,0,0
CA_N,CA_N_offshorewind_class12_moderate_floating_1_1,OffShoreWind_Class12_Moderate_floating_1,1,95,1,1,0,0,0,1,0,0,0,0,0,0,0,0,0,0,0,0,0,0,0,0,1,1,0,3083.3,-1,-1,-1,0,0,0,4911759.835,94112,87013,0,0,0,0,0,0,0,0,0,0,0,0,None,0,0,1,1,0,0,0,0,0,0,0,1,1,0,0,0,0,0,0,0,0,0,0,0,0,0,0,94112.426,0,0
CA_N,CA_N_offshorewind_class12_moderate_floating_1_2,OffShoreWind_Class12_Moderate_floating_1,2,96,1,1,0,0,0,1,0,0,0,0,0,0,0,0,0,0,0,0,0,0,0,0,1,1,0,3301.4,-1,-1,-1,0,0,0,4911759.835,94138,87013,0,0,0,0,0,0,0,0,0,0,0,0,None,0,0,1,1,0,0,0,0,0,0,0,1,1,0,0,0,0,0,0,0,0,0,0,0,0,0,0,94138.155,0,0
CA_N,CA_N_offshorewind_class12_moderate_floating_1_3,OffShoreWind_Class12_Moderate_floating_1,3,97,1,1,0,0,0,1,0,0,0,0,0,0,0,0,0,0,0,0,0,0,0,0,1,1,0,3276,-1,-1,-1,0,0,0,4911759.835,90569,87013,0,0,0,0,0,0,0,0,0,0,0,0,None,0,0,1,1,0,0,0,0,0,0,0,1,1,0,0,0,0,0,0,0,0,0,0,0,0,0,0,90569.077,0,0
CA_N,CA_N_offshorewind_class12_moderate_floating_0_0,OffShoreWind_Class12_Moderate_floating_0,0,98,1,1,0,0,0,1,0,0,0,0,0,0,0,0,0,0,0,0,0,0,0,0,1,1,0,42210,-1,-1,-1,0,0,0,4911759.835,94121,87013,0,0,0,0,0,0,0,0,0,0,0,0,None,0,0,1,1,0,0,0,0,0,0,0,1,1,0,0,0,0,0,0,0,0,0,0,0,0,0,0,94121.485,0,0
CA_N,CA_N_offshorewind_class12_moderate_floating_0_1,OffShoreWind_Class12_Moderate_floating_0,1,99,1,1,0,0,0,1,0,0,0,0,0,0,0,0,0,0,0,0,0,0,0,0,1,1,0,15414,-1,-1,-1,0,0,0,4911759.835,92371,87013,0,0,0,0,0,0,0,0,0,0,0,0,None,0,0,1,1,0,0,0,0,0,0,0,1,1,0,0,0,0,0,0,0,0,0,0,0,0,0,0,92371.799,0,0
CA_N,CA_N_offshorewind_class12_moderate_floating_0_2,OffShoreWind_Class12_Moderate_floating_0,2,100,1,1,0,0,0,1,0,0,0,0,0,0,0,0,0,0,0,0,0,0,0,0,1,1,0,52504,-1,-1,-1,0,0,0,4911759.835,90141,87013,0,0,0,0,0,0,0,0,0,0,0,0,None,0,0,1,1,0,0,0,0,0,0,0,1,1,0,0,0,0,0,0,0,0,0,0,0,0,0,0,90141.424,0,0
CA_N,CA_N_offshorewind_class12_moderate_floating_0_3,OffShoreWind_Class12_Moderate_floating_0,3,101,1,1,0,0,0,1,0,0,0,0,0,0,0,0,0,0,0,0,0,0,0,0,1,1,0,4984,-1,-1,-1,0,0,0,4911759.835,91931,87013,0,0,0,0,0,0,0,0,0,0,0,0,None,0,0,1,1,0,0,0,0,0,0,0,1,1,0,0,0,0,0,0,0,0,0,0,0,0,0,0,91931.042,0,0
CA_S,CA_S_naturalgas_ccccsavgcf_conservative_0,NaturalGas_CCCCSAvgCF_Conservative,0,102,2,0,0,0,1,0,0,0,0,0,0,0,0,0,0,0,0,0,0,0,0,0,1,500,0,-1,-1,-1,-1,0,0,0,2592125.061,159478,75761,0,0,0,6.78,0,0,0,135,0,7.16,0,0,pacific_naturalgas_ccs90,0.6,0,1,1,0,0,0,0,0,0,0,0.64,0.64,6,6,0,0,0.106666667,0.213333333,0,0,20,175500,0,0,0,0,0,0,0
CA_S,CA_S_naturalgas_ccavgcf_moderate_0,NaturalGas_CCAvgCF_Moderate,0,103,2,0,0,0,1,0,0,0,0,0,0,0,0,0,0,0,0,0,0,0,0,0,1,500,0,-1,-1,-1,-1,0,0,0,1040226.206,72419,31661,0,0,0,2.26,0,0,0,135,2,6.36,0,0,pacific_naturalgas,0.2,0,1,1,0,0,0,0,0,0,0,0.64,0.64,6,6,0,0,0.106666667,0.213333333,0,0,0,0,0,0,0,0,0,0,0
CA_S,CA_S_naturalgas_ctavgcf_moderate_0,NaturalGas_CTAvgCF_Moderate,0,104,2,0,0,0,1,0,0,0,0,0,0,0,0,0,0,0,0,0,0,0,0,0,1,100,0,-1,-1,-1,-1,0,0,0,896213.959,56355,23746,0,0,0,5.65,0,0,0,176,3.5,9.72,0,0,pacific_naturalgas,0.3,0,1,1,0,0,0,0,0,0,0,3.78,3.78,1,1,0,0,0.63,1.26,0,0,0,0,0,0,0,0,0,0,0
CA_S,CA_S_battery_moderate_0,Battery_*_Moderate,0,105,2,0,0,0,0,0,0,1,0,0,0,0,0,0,0,0,0,0,0,0,0,0,1,1,0,-1,-1,-1,-1,0,0,0,285096.384,24040,7127,204899.41,17278,5122,0.15,0.15,0,0,0,0,0,0,0,None,0,0,0.92,0.92,0,0,1,10,0,0,0,1,1,0,0,0,0,0,0,0,0,0,0,0,0,0,0,0,0,0
CA_S,CA_S_nuclear_nuclear_moderate_0,Nuclear_Nuclear_Moderate,0,106,2,0,0,0,1,0,0,0,0,0,0,0,0,0,0,0,0,0,0,0,0,0,1,500,0,-1,-1,-1,-1,0,0,0,7875094.466,449379,165046,0,0,0,3.21,0,0,0,365,0,10.44,0,0,pacific_uranium,0.5,0,1,1,0,0,0,0,0,0,0,0.25,0.25,24,24,0,0,0.041666667,0.083333333,0,0,50,438750,0,0,0,0,0,1,0
CA_S,CA_S_landbasedwind_class3_moderate_1,LandbasedWind_Class3_Moderate_,1,107,2,1,0,0,0,1,0,0,0,0,0,0,0,0,0,0,0,0,0,0,0,0,1,1,0,1197.3,-1,-1,-1,0,0,0,1190683.42,116201,44648,0,0,0,0,0,0,0,0,0,0,0,0,None,0,0,1,1,0,0,0,0,0,0,0,1,1,0,0,0,0,0,0,0,0,0,0,0,0,0,0,14156.015,0,0
CA_S,CA_S_landbasedwind_class3_moderate_2,LandbasedWind_Class3_Moderate_,2,108,2,1,0,0,0,1,0,0,0,0,0,0,0,0,0,0,0,0,0,0,0,0,1,1,0,751.2,-1,-1,-1,0,0,0,1190683.42,118932,44648,0,0,0,0,0,0,0,0,0,0,0,0,None,0,0,1,1,0,0,0,0,0,0,0,1,1,0,0,0,0,0,0,0,0,0,0,0,0,0,0,16887.804,0,0
CA_S,CA_S_landbasedwind_class3_moderate_3,LandbasedWind_Class3_Moderate_,3,109,2,1,0,0,0,1,0,0,0,0,0,0,0,0,0,0,0,0,0,0,0,0,1,1,0,1120.6,-1,-1,-1,0,0,0,1190683.42,122235,44648,0,0,0,0,0,0,0,0,0,0,0,0,None,0,0,1,1,0,0,0,0,0,0,0,1,1,0,0,0,0,0,0,0,0,0,0,0,0,0,0,20190.253,0,0
CA_S,CA_S_landbasedwind_class3_moderate_4,LandbasedWind_Class3_Moderate_,4,110,2,1,0,0,0,1,0,0,0,0,0,0,0,0,0,0,0,0,0,0,0,0,1,1,0,846.6,-1,-1,-1,0,0,0,1190683.42,118208,44648,0,0,0,0,0,0,0,0,0,0,0,0,None,0,0,1,1,0,0,0,0,0,0,0,1,1,0,0,0,0,0,0,0,0,0,0,0,0,0,0,16163.469,0,0
CA_S,CA_S_landbasedwind_class3_moderate_5,LandbasedWind_Class3_Moderate_,5,111,2,1,0,0,0,1,0,0,0,0,0,0,0,0,0,0,0,0,0,0,0,0,1,1,0,1260.4,-1,-1,-1,0,0,0,1190683.42,124980,44648,0,0,0,0,0,0,0,0,0,0,0,0,None,0,0,1,1,0,0,0,0,0,0,0,1,1,0,0,0,0,0,0,0,0,0,0,0,0,0,0,22935.85,0,0
CA_S,CA_S_landbasedwind_class3_moderate_6,LandbasedWind_Class3_Moderate_,6,112,2,1,0,0,0,1,0,0,0,0,0,0,0,0,0,0,0,0,0,0,0,0,1,1,0,662.8,-1,-1,-1,0,0,0,1190683.42,120998,44648,0,0,0,0,0,0,0,0,0,0,0,0,None,0,0,1,1,0,0,0,0,0,0,0,1,1,0,0,0,0,0,0,0,0,0,0,0,0,0,0,18953.318,0,0
CA_S,CA_S_utilitypv_class1_moderate_1,UtilityPV_Class1_Moderate_,1,113,2,1,0,0,0,1,0,0,0,0,0,0,0,0,0,0,0,0,0,0,0,0,1,1,0,34004.9,-1,-1,-1,0,0,0,955211.516,54489,18515,0,0,0,0,0,0,0,0,0,0,0,0,None,0,0,1,1,0,0,0,0,0,0,0,1,1,0,0,0,0,0,0,0,0,0,0,0,0,0,0,5999.482,0,0
CA_S,CA_S_utilitypv_class1_moderate_2,UtilityPV_Class1_Moderate_,2,114,2,1,0,0,0,1,0,0,0,0,0,0,0,0,0,0,0,0,0,0,0,0,1,1,0,34181.7,-1,-1,-1,0,0,0,955211.516,59315,18515,0,0,0,0,0,0,0,0,0,0,0,0,None,0,0,1,1,0,0,0,0,0,0,0,1,1,0,0,0,0,0,0,0,0,0,0,0,0,0,0,10825.687,0,0
CA_S,CA_S_utilitypv_class1_moderate_3,UtilityPV_Class1_Moderate_,3,115,2,1,0,0,0,1,0,0,0,0,0,0,0,0,0,0,0,0,0,0,0,0,1,1,0,38955.7,-1,-1,-1,0,0,0,955211.516,71318,18515,0,0,0,0,0,0,0,0,0,0,0,0,None,0,0,1,1,0,0,0,0,0,0,0,1,1,0,0,0,0,0,0,0,0,0,0,0,0,0,0,22828.152,0,0
CA_S,CA_S_utilitypv_class1_moderate_4,UtilityPV_Class1_Moderate_,4,116,2,1,0,0,0,1,0,0,0,0,0,0,0,0,0,0,0,0,0,0,0,0,1,1,0,29269.9,-1,-1,-1,0,0,0,955211.516,69517,18515,0,0,0,0,0,0,0,0,0,0,0,0,None,0,0,1,1,0,0,0,0,0,0,0,1,1,0,0,0,0,0,0,0,0,0,0,0,0,0,0,21027.483,0,0
CA_S,CA_S_utilitypv_class1_moderate_5,UtilityPV_Class1_Moderate_,5,117,2,1,0,0,0,1,0,0,0,0,0,0,0,0,0,0,0,0,0,0,0,0,1,1,0,33477.3,-1,-1,-1,0,0,0,955211.516,92634,18515,0,0,0,0,0,0,0,0,0,0,0,0,None,0,0,1,1,0,0,0,0,0,0,0,1,1,0,0,0,0,0,0,0,0,0,0,0,0,0,0,44144.644,0,0
CA_S,CA_S_utilitypv_class1_moderate_6,UtilityPV_Class1_Moderate_,6,118,2,1,0,0,0,1,0,0,0,0,0,0,0,0,0,0,0,0,0,0,0,0,1,1,0,34626.4,-1,-1,-1,0,0,0,955211.516,96664,18515,0,0,0,0,0,0,0,0,0,0,0,0,None,0,0,1,1,0,0,0,0,0,0,0,1,1,0,0,0,0,0,0,0,0,0,0,0,0,0,0,48174.736,0,0
CA_S,CA_S_offshorewind_class12_moderate_floating_1_0,OffShoreWind_Class12_Moderate_floating_1,0,119,2,1,0,0,0,1,0,0,0,0,0,0,0,0,0,0,0,0,0,0,0,0,1,1,0,1044,-1,-1,-1,0,0,0,4911759.835,86876,87013,0,0,0,0,0,0,0,0,0,0,0,0,None,0,0,1,1,0,0,0,0,0,0,0,1,1,0,0,0,0,0,0,0,0,0,0,0,0,0,0,86876.964,0,0
CA_S,CA_S_offshorewind_class12_moderate_floating_1_1,OffShoreWind_Class12_Moderate_floating_1,1,120,2,1,0,0,0,1,0,0,0,0,0,0,0,0,0,0,0,0,0,0,0,0,1,1,0,666,-1,-1,-1,0,0,0,4911759.835,92007,87013,0,0,0,0,0,0,0,0,0,0,0,0,None,0,0,1,1,0,0,0,0,0,0,0,1,1,0,0,0,0,0,0,0,0,0,0,0,0,0,0,92007.389,0,0
CA_S,CA_S_offshorewind_class12_moderate_floating_1_4,OffShoreWind_Class12_Moderate_floating_1,4,121,2,1,0,0,0,1,0,0,0,0,0,0,0,0,0,0,0,0,0,0,0,0,1,1,0,974,-1,-1,-1,0,0,0,4911759.835,91864,87013,0,0,0,0,0,0,0,0,0,0,0,0,None,0,0,1,1,0,0,0,0,0,0,0,1,1,0,0,0,0,0,0,0,0,0,0,0,0,0,0,91864.95,0,0
CA_S,CA_S_offshorewind_class12_moderate_floating_1_5,OffShoreWind_Class12_Moderate_floating_1,5,122,2,1,0,0,0,1,0,0,0,0,0,0,0,0,0,0,0,0,0,0,0,0,1,1,0,714,-1,-1,-1,0,0,0,4911759.835,91960,87013,0,0,0,0,0,0,0,0,0,0,0,0,None,0,0,1,1,0,0,0,0,0,0,0,1,1,0,0,0,0,0,0,0,0,0,0,0,0,0,0,91960.278,0,0
CA_S,CA_S_offshorewind_class12_moderate_floating_0_0,OffShoreWind_Class12_Moderate_floating_0,0,123,2,1,0,0,0,1,0,0,0,0,0,0,0,0,0,0,0,0,0,0,0,0,1,1,0,17132,-1,-1,-1,0,0,0,4911759.835,85309,87013,0,0,0,0,0,0,0,0,0,0,0,0,None,0,0,1,1,0,0,0,0,0,0,0,1,1,0,0,0,0,0,0,0,0,0,0,0,0,0,0,85309.242,0,0
CA_S,CA_S_offshorewind_class12_moderate_floating_0_1,OffShoreWind_Class12_Moderate_floating_0,1,124,2,1,0,0,0,1,0,0,0,0,0,0,0,0,0,0,0,0,0,0,0,0,1,1,0,7698,-1,-1,-1,0,0,0,4911759.835,82693,87013,0,0,0,0,0,0,0,0,0,0,0,0,None,0,0,1,1,0,0,0,0,0,0,0,1,1,0,0,0,0,0,0,0,0,0,0,0,0,0,0,82693.07,0,0
CA_S,CA_S_offshorewind_class12_moderate_floating_0_4,OffShoreWind_Class12_Moderate_floating_0,4,125,2,1,0,0,0,1,0,0,0,0,0,0,0,0,0,0,0,0,0,0,0,0,1,1,0,20656,-1,-1,-1,0,0,0,4911759.835,85272,87013,0,0,0,0,0,0,0,0,0,0,0,0,None,0,0,1,1,0,0,0,0,0,0,0,1,1,0,0,0,0,0,0,0,0,0,0,0,0,0,0,85272.319,0,0
CA_S,CA_S_offshorewind_class12_moderate_floating_0_5,OffShoreWind_Class12_Moderate_floating_0,5,126,2,1,0,0,0,1,0,0,0,0,0,0,0,0,0,0,0,0,0,0,0,0,1,1,0,4170,-1,-1,-1,0,0,0,4911759.835,92705,87013,0,0,0,0,0,0,0,0,0,0,0,0,None,0,0,1,1,0,0,0,0,0,0,0,1,1,0,0,0,0,0,0,0,0,0,0,0,0,0,0,92705.879,0,0
WECC_N,WECC_N_naturalgas_ccccsavgcf_conservative_0,NaturalGas_CCCCSAvgCF_Conservative,0,127,3,0,0,0,1,0,0,0,0,0,0,0,0,0,0,0,0,0,0,0,0,0,1,500,0,-1,-1,-1,-1,0,0,0,2592125.061,133960,75761,0,0,0,6.78,0,0,0,135,0,7.16,0,0,mountain_naturalgas_ccs90,0.6,0,1,1,0,0,0,0,0,0,0,0.64,0.64,6,6,0,0,0.106666667,0.213333333,0,0,20,78000,0,0,0,0,0,0,0
WECC_N,WECC_N_naturalgas_ccavgcf_moderate_0,NaturalGas_CCAvgCF_Moderate,0,128,3,0,0,0,1,0,0,0,0,0,0,0,0,0,0,0,0,0,0,0,0,0,1,500,0,-1,-1,-1,-1,0,0,0,1040226.206,53441,31661,0,0,0,2.26,0,0,0,135,2,6.36,0,0,mountain_naturalgas,0.2,0,1,1,0,0,0,0,0,0,0,0.64,0.64,6,6,0,0,0.106666667,0.213333333,0,0,0,0,0,0,0,0,0,0,0
WECC_N,WECC_N_naturalgas_ctavgcf_moderate_0,NaturalGas_CTAvgCF_Moderate,0,129,3,0,0,0,1,0,0,0,0,0,0,0,0,0,0,0,0,0,0,0,0,0,1,100,0,-1,-1,-1,-1,0,0,0,896213.959,45893,23746,0,0,0,5.65,0,0,0,176,3.5,9.72,0,0,mountain_naturalgas,0.3,0,1,1,0,0,0,0,0,0,0,3.78,3.78,1,1,0,0,0.63,1.26,0,0,0,0,0,0,0,0,0,0,0
WECC_N,WECC_N_battery_moderate_0,Battery_*_Moderate,0,130,3,0,0,0,0,0,0,1,0,0,0,0,0,0,0,0,0,0,0,0,0,0,1,1,0,-1,-1,-1,-1,0,0,0,285096.384,23790,7127,204899.41,17098,5122,0.15,0.15,0,0,0,0,0,0,0,None,0,0,0.92,0.92,0,0,1,10,0,0,0,1,1,0,0,0,0,0,0,0,0,0,0,0,0,0,0,0,0,0
WECC_N,WECC_N_nuclear_nuclear_moderate_0,Nuclear_Nuclear_Moderate,0,131,3,0,0,0,1,0,0,0,0,0,0,0,0,0,0,0,0,0,0,0,0,0,1,500,0,-1,-1,-1,-1,0,0,0,7875094.466,400825,165046,0,0,0,3.21,0,0,0,365,0,10.44,0,0,mountain_uranium,0.5,0,1,1,0,0,0,0,0,0,0,0.25,0.25,24,24,0,0,0.041666667,0.083333333,0,0,50,195000,0,0,0,0,0,1,0
WECC_N,WECC_N_landbasedwind_class3_moderate_1,LandbasedWind_Class3_Moderate_,1,132,3,1,0,0,0,1,0,0,0,0,0,0,0,0,0,0,0,0,0,0,0,0,1,1,0,73155.3,-1,-1,-1,0,0,0,1190683.42,83805,44648,0,0,0,0,0,0,0,0,0,0,0,0,None,0,0,1,1,0,0,0,0,0,0,0,1,1,0,0,0,0,0,0,0,0,0,0,0,0,0,0,24960.237,0,0
WECC_N,WECC_N_landbasedwind_class3_moderate_2,LandbasedWind_Class3_Moderate_,2,133,3,1,0,0,0,1,0,0,0,0,0,0,0,0,0,0,0,0,0,0,0,0,1,1,0,76450.8,-1,-1,-1,0,0,0,1190683.42,86876,44648,0,0,0,0,0,0,0,0,0,0,0,0,None,0,0,1,1,0,0,0,0,0,0,0,1,1,0,0,0,0,0,0,0,0,0,0,0,0,0,0,28031.883,0,0
WECC_N,WECC_N_landbasedwind_class3_moderate_3,LandbasedWind_Class3_Moderate_,3,134,3,1,0,0,0,1,0,0,0,0,0,0,0,0,0,0,0,0,0,0,0,0,1,1,0,70072.8,-1,-1,-1,0,0,0,1190683.42,84593,44648,0,0,0,0,0,0,0,0,0,0,0,0,None,0,0,1,1,0,0,0,0,0,0,0,1,1,0,0,0,0,0,0,0,0,0,0,0,0,0,0,25748.386,0,0
WECC_N,WECC_N_landbasedwind_class3_moderate_4,LandbasedWind_Class3_Moderate_,4,135,3,1,0,0,0,1,0,0,0,0,0,0,0,0,0,0,0,0,0,0,0,0,1,1,0,79346.3,-1,-1,-1,0,0,0,1190683.42,83328,44648,0,0,0,0,0,0,0,0,0,0,0,0,None,0,0,1,1,0,0,0,0,0,0,0,1,1,0,0,0,0,0,0,0,0,0,0,0,0,0,0,24483.056,0,0
WECC_N,WECC_N_landbasedwind_class3_moderate_5,LandbasedWind_Class3_Moderate_,5,136,3,1,0,0,0,1,0,0,0,0,0,0,0,0,0,0,0,0,0,0,0,0,1,1,0,72846.2,-1,-1,-1,0,0,0,1190683.42,86144,44648,0,0,0,0,0,0,0,0,0,0,0,0,None,0,0,1,1,0,0,0,0,0,0,0,1,1,0,0,0,0,0,0,0,0,0,0,0,0,0,0,27299.413,0,0
WECC_N,WECC_N_landbasedwind_class3_moderate_6,LandbasedWind_Class3_Moderate_,6,137,3,1,0,0,0,1,0,0,0,0,0,0,0,0,0,0,0,0,0,0,0,0,1,1,0,76653.3,-1,-1,-1,0,0,0,1190683.42,90752,44648,0,0,0,0,0,0,0,0,0,0,0,0,None,0,0,1,1,0,0,0,0,0,0,0,1,1,0,0,0,0,0,0,0,0,0,0,0,0,0,0,31907.602,0,0
WECC_N,WECC_N_utilitypv_class1_moderate_1,UtilityPV_Class1_Moderate_,1,138,3,1,0,0,0,1,0,0,0,0,0,0,0,0,0,0,0,0,0,0,0,0,1,1,0,738404.6,-1,-1,-1,0,0,0,955211.516,60240,18515,0,0,0,0,0,0,0,0,0,0,0,0,None,0,0,1,1,0,0,0,0,0,0,0,1,1,0,0,0,0,0,0,0,0,0,0,0,0,0,0,15088.95,0,0
WECC_N,WECC_N_utilitypv_class1_moderate_2,UtilityPV_Class1_Moderate_,2,139,3,1,0,0,0,1,0,0,0,0,0,0,0,0,0,0,0,0,0,0,0,0,1,1,0,646705.4,-1,-1,-1,0,0,0,955211.516,66998,18515,0,0,0,0,0,0,0,0,0,0,0,0,None,0,0,1,1,0,0,0,0,0,0,0,1,1,0,0,0,0,0,0,0,0,0,0,0,0,0,0,21846.328,0,0
WECC_N,WECC_N_utilitypv_class1_moderate_3,UtilityPV_Class1_Moderate_,3,140,3,1,0,0,0,1,0,0,0,0,0,0,0,0,0,0,0,0,0,0,0,0,1,1,0,744762.3,-1,-1,-1,0,0,0,955211.516,70816,18515,0,0,0,0,0,0,0,0,0,0,0,0,None,0,0,1,1,0,0,0,0,0,0,0,1,1,0,0,0,0,0,0,0,0,0,0,0,0,0,0,25664.15,0,0
WECC_N,WECC_N_utilitypv_class1_moderate_4,UtilityPV_Class1_Moderate_,4,141,3,1,0,0,0,1,0,0,0,0,0,0,0,0,0,0,0,0,0,0,0,0,1,1,0,640411.9,-1,-1,-1,0,0,0,955211.516,76185,18515,0,0,0,0,0,0,0,0,0,0,0,0,None,0,0,1,1,0,0,0,0,0,0,0,1,1,0,0,0,0,0,0,0,0,0,0,0,0,0,0,31033.702,0,0
WECC_N,WECC_N_utilitypv_class1_moderate_5,UtilityPV_Class1_Moderate_,5,142,3,1,0,0,0,1,0,0,0,0,0,0,0,0,0,0,0,0,0,0,0,0,1,1,0,728243.2,-1,-1,-1,0,0,0,955211.516,78580,18515,0,0,0,0,0,0,0,0,0,0,0,0,None,0,0,1,1,0,0,0,0,0,0,0,1,1,0,0,0,0,0,0,0,0,0,0,0,0,0,0,33428.857,0,0
WECC_N,WECC_N_utilitypv_class1_moderate_6,UtilityPV_Class1_Moderate_,6,143,3,1,0,0,0,1,0,0,0,0,0,0,0,0,0,0,0,0,0,0,0,0,1,1,0,656721.1,-1,-1,-1,0,0,0,955211.516,86966,18515,0,0,0,0,0,0,0,0,0,0,0,0,None,0,0,1,1,0,0,0,0,0,0,0,1,1,0,0,0,0,0,0,0,0,0,0,0,0,0,0,41814.416,0,0
WECC_NMAZ,WECC_NMAZ_naturalgas_ccccsavgcf_conservative_0,NaturalGas_CCCCSAvgCF_Conservative,0,144,4,0,0,0,1,0,0,0,0,0,0,0,0,0,0,0,0,0,0,0,0,0,1,500,0,-1,-1,-1,-1,0,0,0,2592125.061,127046,75761,0,0,0,6.78,0,0,0,135,0,7.16,0,0,mountain_naturalgas_ccs90,0.6,0,1,1,0,0,0,0,0,0,0,0.64,0.64,6,6,0,0,0.106666667,0.213333333,0,0,20,78000,0,0,0,0,0,0,0
WECC_NMAZ,WECC_NMAZ_naturalgas_ccavgcf_moderate_0,NaturalGas_CCAvgCF_Moderate,0,145,4,0,0,0,1,0,0,0,0,0,0,0,0,0,0,0,0,0,0,0,0,0,1,500,0,-1,-1,-1,-1,0,0,0,1040226.206,50549,31661,0,0,0,2.26,0,0,0,135,2,6.36,0,0,mountain_naturalgas,0.2,0,1,1,0,0,0,0,0,0,0,0.64,0.64,6,6,0,0,0.106666667,0.213333333,0,0,0,0,0,0,0,0,0,0,0
WECC_NMAZ,WECC_NMAZ_naturalgas_ctavgcf_moderate_0,NaturalGas_CTAvgCF_Moderate,0,146,4,0,0,0,1,0,0,0,0,0,0,0,0,0,0,0,0,0,0,0,0,0,1,100,0,-1,-1,-1,-1,0,0,0,896213.959,41429,23746,0,0,0,5.65,0,0,0,176,3.5,9.72,0,0,mountain_naturalgas,0.3,0,1,1,0,0,0,0,0,0,0,3.78,3.78,1,1,0,0,0.63,1.26,0,0,0,0,0,0,0,0,0,0,0
WECC_NMAZ,WECC_NMAZ_battery_moderate_0,Battery_*_Moderate,0,147,4,0,0,0,0,0,0,1,0,0,0,0,0,0,0,0,0,0,0,0,0,0,1,1,0,-1,-1,-1,-1,0,0,0,285096.384,23356,7127,204899.41,16786,5122,0.15,0.15,0,0,0,0,0,0,0,None,0,0,0.92,0.92,0,0,1,10,0,0,0,1,1,0,0,0,0,0,0,0,0,0,0,0,0,0,0,0,0,0
WECC_NMAZ,WECC_NMAZ_nuclear_nuclear_moderate_0,Nuclear_Nuclear_Moderate,0,148,4,0,0,0,1,0,0,0,0,0,0,0,0,0,0,0,0,0,0,0,0,0,1,500,0,-1,-1,-1,-1,0,0,0,7875094.466,370640,165046,0,0,0,3.21,0,0,0,365,0,10.44,0,0,mountain_uranium,0.5,0,1,1,0,0,0,0,0,0,0,0.25,0.25,24,24,0,0,0.041666667,0.083333333,0,0,50,195000,0,0,0,0,0,1,0
WECC_NMAZ,WECC_NMAZ_landbasedwind_class3_moderate_1,LandbasedWind_Class3_Moderate_,1,149,4,1,0,0,0,1,0,0,0,0,0,0,0,0,0,0,0,0,0,0,0,0,1,1,0,68922.1,-1,-1,-1,0,0,0,1190683.42,83179,44648,0,0,0,0,0,0,0,0,0,0,0,0,None,0,0,1,1,0,0,0,0,0,0,0,1,1,0,0,0,0,0,0,0,0,0,0,0,0,0,0,24334.838,0,0
WECC_NMAZ,WECC_NMAZ_landbasedwind_class3_moderate_2,LandbasedWind_Class3_Moderate_,2,150,4,1,0,0,0,1,0,0,0,0,0,0,0,0,0,0,0,0,0,0,0,0,1,1,0,78765.9,-1,-1,-1,0,0,0,1190683.42,85982,44648,0,0,0,0,0,0,0,0,0,0,0,0,None,0,0,1,1,0,0,0,0,0,0,0,1,1,0,0,0,0,0,0,0,0,0,0,0,0,0,0,27137.009,0,0
WECC_NMAZ,WECC_NMAZ_landbasedwind_class3_moderate_3,LandbasedWind_Class3_Moderate_,3,151,4,1,0,0,0,1,0,0,0,0,0,0,0,0,0,0,0,0,0,0,0,0,1,1,0,72409.4,-1,-1,-1,0,0,0,1190683.42,81705,44648,0,0,0,0,0,0,0,0,0,0,0,0,None,0,0,1,1,0,0,0,0,0,0,0,1,1,0,0,0,0,0,0,0,0,0,0,0,0,0,0,22860.359,0,0
WECC_NMAZ,WECC_NMAZ_landbasedwind_class3_moderate_4,LandbasedWind_Class3_Moderate_,4,152,4,1,0,0,0,1,0,0,0,0,0,0,0,0,0,0,0,0,0,0,0,0,1,1,0,75343.8,-1,-1,-1,0,0,0,1190683.42,90768,44648,0,0,0,0,0,0,0,0,0,0,0,0,None,0,0,1,1,0,0,0,0,0,0,0,1,1,0,0,0,0,0,0,0,0,0,0,0,0,0,0,31923.114,0,0
WECC_NMAZ,WECC_NMAZ_landbasedwind_class3_moderate_5,LandbasedWind_Class3_Moderate_,5,153,4,1,0,0,0,1,0,0,0,0,0,0,0,0,0,0,0,0,0,0,0,0,1,1,0,71779.9,-1,-1,-1,0,0,0,1190683.42,81577,44648,0,0,0,0,0,0,0,0,0,0,0,0,None,0,0,1,1,0,0,0,0,0,0,0,1,1,0,0,0,0,0,0,0,0,0,0,0,0,0,0,22732.966,0,0
WECC_NMAZ,WECC_NMAZ_landbasedwind_class3_moderate_6,LandbasedWind_Class3_Moderate_,6,154,4,1,0,0,0,1,0,0,0,0,0,0,0,0,0,0,0,0,0,0,0,0,1,1,0,75800,-1,-1,-1,0,0,0,1190683.42,89706,44648,0,0,0,0,0,0,0,0,0,0,0,0,None,0,0,1,1,0,0,0,0,0,0,0,1,1,0,0,0,0,0,0,0,0,0,0,0,0,0,0,30861.704,0,0
WECC_NMAZ,WECC_NMAZ_utilitypv_class1_moderate_1,UtilityPV_Class1_Moderate_,1,155,4,1,0,0,0,1,0,0,0,0,0,0,0,0,0,0,0,0,0,0,0,0,1,1,0,550426.4,-1,-1,-1,0,0,0,955211.516,59096,18515,0,0,0,0,0,0,0,0,0,0,0,0,None,0,0,1,1,0,0,0,0,0,0,0,1,1,0,0,0,0,0,0,0,0,0,0,0,0,0,0,14873.358,0,0
WECC_NMAZ,WECC_NMAZ_utilitypv_class1_moderate_2,UtilityPV_Class1_Moderate_,2,156,4,1,0,0,0,1,0,0,0,0,0,0,0,0,0,0,0,0,0,0,0,0,1,1,0,598360.5,-1,-1,-1,0,0,0,955211.516,61109,18515,0,0,0,0,0,0,0,0,0,0,0,0,None,0,0,1,1,0,0,0,0,0,0,0,1,1,0,0,0,0,0,0,0,0,0,0,0,0,0,0,16886.559,0,0
WECC_NMAZ,WECC_NMAZ_utilitypv_class1_moderate_3,UtilityPV_Class1_Moderate_,3,157,4,1,0,0,0,1,0,0,0,0,0,0,0,0,0,0,0,0,0,0,0,0,1,1,0,576299.1,-1,-1,-1,0,0,0,955211.516,70224,18515,0,0,0,0,0,0,0,0,0,0,0,0,None,0,0,1,1,0,0,0,0,0,0,0,1,1,0,0,0,0,0,0,0,0,0,0,0,0,0,0,26001.261,0,0
WECC_NMAZ,WECC_NMAZ_utilitypv_class1_moderate_4,UtilityPV_Class1_Moderate_,4,158,4,1,0,0,0,1,0,0,0,0,0,0,0,0,0,0,0,0,0,0,0,0,1,1,0,572290,-1,-1,-1,0,0,0,955211.516,71695,18515,0,0,0,0,0,0,0,0,0,0,0,0,None,0,0,1,1,0,0,0,0,0,0,0,1,1,0,0,0,0,0,0,0,0,0,0,0,0,0,0,27472.667,0,0
WECC_NMAZ,WECC_NMAZ_utilitypv_class1_moderate_5,UtilityPV_Class1_Moderate_,5,159,4,1,0,0,0,1,0,0,0,0,0,0,0,0,0,0,0,0,0,0,0,0,1,1,0,556196.4,-1,-1,-1,0,0,0,955211.516,81199,18515,0,0,0,0,0,0,0,0,0,0,0,0,None,0,0,1,1,0,0,0,0,0,0,0,1,1,0,0,0,0,0,0,0,0,0,0,0,0,0,0,36976.848,0,0
WECC_NMAZ,WECC_NMAZ_utilitypv_class1_moderate_6,UtilityPV_Class1_Moderate_,6,160,4,1,0,0,0,1,0,0,0,0,0,0,0,0,0,0,0,0,0,0,0,0,1,1,0,592460.3,-1,-1,-1,0,0,0,955211.516,82060,18515,0,0,0,0,0,0,0,0,0,0,0,0,None,0,0,1,1,0,0,0,0,0,0,0,1,1,0,0,0,0,0,0,0,0,0,0,0,0,0,0,37837.876,0,0
WECC_PNW,WECC_PNW_naturalgas_ccccsavgcf_conservative_0,NaturalGas_CCCCSAvgCF_Conservative,0,161,5,0,0,0,1,0,0,0,0,0,0,0,0,0,0,0,0,0,0,0,0,0,1,500,0,-1,-1,-1,-1,0,0,0,2592125.061,146392,75761,0,0,0,6.78,0,0,0,135,0,7.16,0,0,pacific_naturalgas_ccs90,0.6,0,1,1,0,0,0,0,0,0,0,0.64,0.64,6,6,0,0,0.106666667,0.213333333,0,0,20,78000,0,0,0,0,0,0,0
WECC_PNW,WECC_PNW_naturalgas_ccavgcf_moderate_0,NaturalGas_CCAvgCF_Moderate,0,162,5,0,0,0,1,0,0,0,0,0,0,0,0,0,0,0,0,0,0,0,0,0,1,500,0,-1,-1,-1,-1,0,0,0,1040226.206,59345,31661,0,0,0,2.26,0,0,0,135,2,6.36,0,0,pacific_naturalgas,0.2,0,1,1,0,0,0,0,0,0,0,0.64,0.64,6,6,0,0,0.106666667,0.213333333,0,0,0,0,0,0,0,0,0,0,0
WECC_PNW,WECC_PNW_naturalgas_ctavgcf_moderate_0,NaturalGas_CTAvgCF_Moderate,0,163,5,0,0,0,1,0,0,0,0,0,0,0,0,0,0,0,0,0,0,0,0,0,1,100,0,-1,-1,-1,-1,0,0,0,896213.959,51403,23746,0,0,0,5.65,0,0,0,176,3.5,9.72,0,0,pacific_naturalgas,0.3,0,1,1,0,0,0,0,0,0,0,3.78,3.78,1,1,0,0,0.63,1.26,0,0,0,0,0,0,0,0,0,0,0
WECC_PNW,WECC_PNW_battery_moderate_0,Battery_*_Moderate,0,164,5,0,0,0,0,0,0,1,0,0,0,0,0,0,0,0,0,0,0,0,0,0,1,1,0,-1,-1,-1,-1,0,0,0,285096.384,23623,7127,204899.41,16978,5122,0.15,0.15,0,0,0,0,0,0,0,None,0,0,0.92,0.92,0,0,1,10,0,0,0,1,1,0,0,0,0,0,0,0,0,0,0,0,0,0,0,0,0,0
WECC_PNW,WECC_PNW_nuclear_nuclear_moderate_0,Nuclear_Nuclear_Moderate,0,165,5,0,0,0,1,0,0,0,0,0,0,0,0,0,0,0,0,0,0,0,0,0,1,500,0,-1,-1,-1,-1,0,0,0,7875094.466,400427,165046,0,0,0,3.21,0,0,0,365,0,10.44,0,0,pacific_uranium,0.5,0,1,1,0,0,0,0,0,0,0,0.25,0.25,24,24,0,0,0.041666667,0.083333333,0,0,50,195000,0,0,0,0,0,1,0
WECC_PNW,WECC_PNW_landbasedwind_class3_moderate_1,LandbasedWind_Class3_Moderate_,1,166,5,1,0,0,0,1,0,0,0,0,0,0,0,0,0,0,0,0,0,0,0,0,1,1,0,8201.4,-1,-1,-1,0,0,0,1190683.42,95162,44648,0,0,0,0,0,0,0,0,0,0,0,0,None,0,0,1,1,0,0,0,0,0,0,0,1,1,0,0,0,0,0,0,0,0,0,0,0,0,0,0,17169.073,0,0
WECC_PNW,WECC_PNW_landbasedwind_class3_moderate_2,LandbasedWind_Class3_Moderate_,2,167,5,1,0,0,0,1,0,0,0,0,0,0,0,0,0,0,0,0,0,0,0,0,1,1,0,8095.5,-1,-1,-1,0,0,0,1190683.42,101687,44648,0,0,0,0,0,0,0,0,0,0,0,0,None,0,0,1,1,0,0,0,0,0,0,0,1,1,0,0,0,0,0,0,0,0,0,0,0,0,0,0,23694.669,0,0
WECC_PNW,WECC_PNW_landbasedwind_class3_moderate_3,LandbasedWind_Class3_Moderate_,3,168,5,1,0,0,0,1,0,0,0,0,0,0,0,0,0,0,0,0,0,0,0,0,1,1,0,7331.3,-1,-1,-1,0,0,0,1190683.42,102843,44648,0,0,0,0,0,0,0,0,0,0,0,0,None,0,0,1,1,0,0,0,0,0,0,0,1,1,0,0,0,0,0,0,0,0,0,0,0,0,0,0,24850.412,0,0
WECC_PNW,WECC_PNW_landbasedwind_class3_moderate_4,LandbasedWind_Class3_Moderate_,4,169,5,1,0,0,0,1,0,0,0,0,0,0,0,0,0,0,0,0,0,0,0,0,1,1,0,8881.4,-1,-1,-1,0,0,0,1190683.42,114735,44648,0,0,0,0,0,0,0,0,0,0,0,0,None,0,0,1,1,0,0,0,0,0,0,0,1,1,0,0,0,0,0,0,0,0,0,0,0,0,0,0,36742.928,0,0
WECC_PNW,WECC_PNW_landbasedwind_class3_moderate_5,LandbasedWind_Class3_Moderate_,5,170,5,1,0,0,0,1,0,0,0,0,0,0,0,0,0,0,0,0,0,0,0,0,1,1,0,6751.5,-1,-1,-1,0,0,0,1190683.42,106527,44648,0,0,0,0,0,0,0,0,0,0,0,0,None,0,0,1,1,0,0,0,0,0,0,0,1,1,0,0,0,0,0,0,0,0,0,0,0,0,0,0,28534.712,0,0
WECC_PNW,WECC_PNW_landbasedwind_class3_moderate_6,LandbasedWind_Class3_Moderate_,6,171,5,1,0,0,0,1,0,0,0,0,0,0,0,0,0,0,0,0,0,0,0,0,1,1,0,9503.3,-1,-1,-1,0,0,0,1190683.42,115067,44648,0,0,0,0,0,0,0,0,0,0,0,0,None,0,0,1,1,0,0,0,0,0,0,0,1,1,0,0,0,0,0,0,0,0,0,0,0,0,0,0,37074.259,0,0
WECC_PNW,WECC_PNW_utilitypv_class1_moderate_1,UtilityPV_Class1_Moderate_,1,172,5,1,0,0,0,1,0,0,0,0,0,0,0,0,0,0,0,0,0,0,0,0,1,1,0,47933.8,-1,-1,-1,0,0,0,955211.516,55806,18515,0,0,0,0,0,0,0,0,0,0,0,0,None,0,0,1,1,0,0,0,0,0,0,0,1,1,0,0,0,0,0,0,0,0,0,0,0,0,0,0,10482.729,0,0
WECC_PNW,WECC_PNW_utilitypv_class1_moderate_2,UtilityPV_Class1_Moderate_,2,173,5,1,0,0,0,1,0,0,0,0,0,0,0,0,0,0,0,0,0,0,0,0,1,1,0,66991.4,-1,-1,-1,0,0,0,955211.516,62620,18515,0,0,0,0,0,0,0,0,0,0,0,0,None,0,0,1,1,0,0,0,0,0,0,0,1,1,0,0,0,0,0,0,0,0,0,0,0,0,0,0,17296.806,0,0
WECC_PNW,WECC_PNW_utilitypv_class1_moderate_3,UtilityPV_Class1_Moderate_,3,174,5,1,0,0,0,1,0,0,0,0,0,0,0,0,0,0,0,0,0,0,0,0,1,1,0,47824.5,-1,-1,-1,0,0,0,955211.516,70402,18515,0,0,0,0,0,0,0,0,0,0,0,0,None,0,0,1,1,0,0,0,0,0,0,0,1,1,0,0,0,0,0,0,0,0,0,0,0,0,0,0,25078.218,0,0
WECC_PNW,WECC_PNW_utilitypv_class1_moderate_4,UtilityPV_Class1_Moderate_,4,175,5,1,0,0,0,1,0,0,0,0,0,0,0,0,0,0,0,0,0,0,0,0,1,1,0,67018.8,-1,-1,-1,0,0,0,955211.516,82555,18515,0,0,0,0,0,0,0,0,0,0,0,0,None,0,0,1,1,0,0,0,0,0,0,0,1,1,0,0,0,0,0,0,0,0,0,0,0,0,0,0,37231.301,0,0
WECC_PNW,WECC_PNW_utilitypv_class1_moderate_5,UtilityPV_Class1_Moderate_,5,176,5,1,0,0,0,1,0,0,0,0,0,0,0,0,0,0,0,0,0,0,0,0,1,1,0,54114.7,-1,-1,-1,0,0,0,955211.516,77780,18515,0,0,0,0,0,0,0,0,0,0,0,0,None,0,0,1,1,0,0,0,0,0,0,0,1,1,0,0,0,0,0,0,0,0,0,0,0,0,0,0,32456.858,0,0
WECC_PNW,WECC_PNW_utilitypv_class1_moderate_6,UtilityPV_Class1_Moderate_,6,177,5,1,0,0,0,1,0,0,0,0,0,0,0,0,0,0,0,0,0,0,0,0,1,1,0,60753.8,-1,-1,-1,0,0,0,955211.516,87372,18515,0,0,0,0,0,0,0,0,0,0,0,0,None,0,0,1,1,0,0,0,0,0,0,0,1,1,0,0,0,0,0,0,0,0,0,0,0,0,0,0,42048.582,0,0
WECC_PNW,WECC_PNW_offshorewind_class12_moderate_floating_1_0,OffShoreWind_Class12_Moderate_floating_1,0,178,5,1,0,0,0,1,0,0,0,0,0,0,0,0,0,0,0,0,0,0,0,0,1,1,0,715.8,-1,-1,-1,0,0,0,4911759.835,73586,87013,0,0,0,0,0,0,0,0,0,0,0,0,None,0,0,1,1,0,0,0,0,0,0,0,1,1,0,0,0,0,0,0,0,0,0,0,0,0,0,0,73586.374,0,0
WECC_PNW,WECC_PNW_offshorewind_class12_moderate_floating_1_1,OffShoreWind_Class12_Moderate_floating_1,1,179,5,1,0,0,0,1,0,0,0,0,0,0,0,0,0,0,0,0,0,0,0,0,1,1,0,232.2,-1,-1,-1,0,0,0,4911759.835,63743,87013,0,0,0,0,0,0,0,0,0,0,0,0,None,0,0,1,1,0,0,0,0,0,0,0,1,1,0,0,0,0,0,0,0,0,0,0,0,0,0,0,63743.181,0,0
WECC_PNW,WECC_PNW_offshorewind_class12_moderate_floating_1_2,OffShoreWind_Class12_Moderate_floating_1,2,180,5,1,0,0,0,1,0,0,0,0,0,0,0,0,0,0,0,0,0,0,0,0,1,1,0,684.5,-1,-1,-1,0,0,0,4911759.835,73609,87013,0,0,0,0,0,0,0,0,0,0,0,0,None,0,0,1,1,0,0,0,0,0,0,0,1,1,0,0,0,0,0,0,0,0,0,0,0,0,0,0,73609.504,0,0
WECC_PNW,WECC_PNW_offshorewind_class12_moderate_floating_1_3,OffShoreWind_Class12_Moderate_floating_1,3,181,5,1,0,0,0,1,0,0,0,0,0,0,0,0,0,0,0,0,0,0,0,0,1,1,0,191.8,-1,-1,-1,0,0,0,4911759.835,73436,87013,0,0,0,0,0,0,0,0,0,0,0,0,None,0,0,1,1,0,0,0,0,0,0,0,1,1,0,0,0,0,0,0,0,0,0,0,0,0,0,0,73436.878,0,0
WECC_PNW,WECC_PNW_offshorewind_class12_moderate_floating_0_0,OffShoreWind_Class12_Moderate_floating_0,0,182,5,1,0,0,0,1,0,0,0,0,0,0,0,0,0,0,0,0,0,0,0,0,1,1,0,4790,-1,-1,-1,0,0,0,4911759.835,75855,87013,0,0,0,0,0,0,0,0,0,0,0,0,None,0,0,1,1,0,0,0,0,0,0,0,1,1,0,0,0,0,0,0,0,0,0,0,0,0,0,0,75855.059,0,0
WECC_PNW,WECC_PNW_offshorewind_class12_moderate_floating_0_1,OffShoreWind_Class12_Moderate_floating_0,1,183,5,1,0,0,0,1,0,0,0,0,0,0,0,0,0,0,0,0,0,0,0,0,1,1,0,4226,-1,-1,-1,0,0,0,4911759.835,76161,87013,0,0,0,0,0,0,0,0,0,0,0,0,None,0,0,1,1,0,0,0,0,0,0,0,1,1,0,0,0,0,0,0,0,0,0,0,0,0,0,0,76161.478,0,0
WECC_PNW,WECC_PNW_offshorewind_class12_moderate_floating_0_2,OffShoreWind_Class12_Moderate_floating_0,2,184,5,1,0,0,0,1,0,0,0,0,0,0,0,0,0,0,0,0,0,0,0,0,1,1,0,4992,-1,-1,-1,0,0,0,4911759.835,75095,87013,0,0,0,0,0,0,0,0,0,0,0,0,None,0,0,1,1,0,0,0,0,0,0,0,1,1,0,0,0,0,0,0,0,0,0,0,0,0,0,0,75095.226,0,0
WECC_PNW,WECC_PNW_offshorewind_class12_moderate_floating_0_3,OffShoreWind_Class12_Moderate_floating_0,3,185,5,1,0,0,0,1,0,0,0,0,0,0,0,0,0,0,0,0,0,0,0,0,1,1,0,3942,-1,-1,-1,0,0,0,4911759.835,73877,87013,0,0,0,0,0,0,0,0,0,0,0,0,None,0,0,1,1,0,0,0,0,0,0,0,1,1,0,0,0,0,0,0,0,0,0,0,0,0,0,0,73877.408,0,0
WECC_WYCO,WECC_WYCO_naturalgas_ccccsavgcf_conservative_0,NaturalGas_CCCCSAvgCF_Conservative,0,186,6,0,0,0,1,0,0,0,0,0,0,0,0,0,0,0,0,0,0,0,0,0,1,500,0,-1,-1,-1,-1,0,0,0,2592125.061,119687,75761,0,0,0,6.78,0,0,0,135,0,7.16,0,0,mountain_naturalgas_ccs90,0.6,0,1,1,0,0,0,0,0,0,0,0.64,0.64,6,6,0,0,0.106666667,0.213333333,0,0,20,78000,0,0,0,0,0,0,0
WECC_WYCO,WECC_WYCO_naturalgas_ccavgcf_moderate_0,NaturalGas_CCAvgCF_Moderate,0,187,6,0,0,0,1,0,0,0,0,0,0,0,0,0,0,0,0,0,0,0,0,0,1,500,0,-1,-1,-1,-1,0,0,0,1040226.206,47596,31661,0,0,0,2.26,0,0,0,135,2,6.36,0,0,mountain_naturalgas,0.2,0,1,1,0,0,0,0,0,0,0,0.64,0.64,6,6,0,0,0.106666667,0.213333333,0,0,0,0,0,0,0,0,0,0,0
WECC_WYCO,WECC_WYCO_naturalgas_ctavgcf_moderate_0,NaturalGas_CTAvgCF_Moderate,0,188,6,0,0,0,1,0,0,0,0,0,0,0,0,0,0,0,0,0,0,0,0,0,1,100,0,-1,-1,-1,-1,0,0,0,896213.959,40104,23746,0,0,0,5.65,0,0,0,176,3.5,9.72,0,0,mountain_naturalgas,0.3,0,1,1,0,0,0,0,0,0,0,3.78,3.78,1,1,0,0,0.63,1.26,0,0,0,0,0,0,0,0,0,0,0
WECC_WYCO,WECC_WYCO_battery_moderate_0,Battery_*_Moderate,0,189,6,0,0,0,0,0,0,1,0,0,0,0,0,0,0,0,0,0,0,0,0,0,1,1,0,-1,-1,-1,-1,0,0,0,285096.384,22873,7127,204899.41,16438,5122,0.15,0.15,0,0,0,0,0,0,0,None,0,0,0.92,0.92,0,0,1,10,0,0,0,1,1,0,0,0,0,0,0,0,0,0,0,0,0,0,0,0,0,0
WECC_WYCO,WECC_WYCO_nuclear_nuclear_moderate_0,Nuclear_Nuclear_Moderate,0,190,6,0,0,0,1,0,0,0,0,0,0,0,0,0,0,0,0,0,0,0,0,0,1,500,0,-1,-1,-1,-1,0,0,0,7875094.466,359307,165046,0,0,0,3.21,0,0,0,365,0,10.44,0,0,mountain_uranium,0.5,0,1,1,0,0,0,0,0,0,0,0.25,0.25,24,24,0,0,0.041666667,0.083333333,0,0,50,195000,0,0,0,0,0,1,0
WECC_WYCO,WECC_WYCO_landbasedwind_class3_moderate_1,LandbasedWind_Class3_Moderate_,1,191,6,1,0,0,0,1,0,0,0,0,0,0,0,0,0,0,0,0,0,0,0,0,1,1,0,74756.6,-1,-1,-1,0,0,0,1190683.42,78550,44648,0,0,0,0,0,0,0,0,0,0,0,0,None,0,0,1,1,0,0,0,0,0,0,0,1,1,0,0,0,0,0,0,0,0,0,0,0,0,0,0,19705.501,0,0
WECC_WYCO,WECC_WYCO_landbasedwind_class3_moderate_2,LandbasedWind_Class3_Moderate_,2,192,6,1,0,0,0,1,0,0,0,0,0,0,0,0,0,0,0,0,0,0,0,0,1,1,0,66682,-1,-1,-1,0,0,0,1190683.42,82559,44648,0,0,0,0,0,0,0,0,0,0,0,0,None,0,0,1,1,0,0,0,0,0,0,0,1,1,0,0,0,0,0,0,0,0,0,0,0,0,0,0,23714.293,0,0
WECC_WYCO,WECC_WYCO_landbasedwind_class3_moderate_3,LandbasedWind_Class3_Moderate_,3,193,6,1,0,0,0,1,0,0,0,0,0,0,0,0,0,0,0,0,0,0,0,0,1,1,0,69171.8,-1,-1,-1,0,0,0,1190683.42,78377,44648,0,0,0,0,0,0,0,0,0,0,0,0,None,0,0,1,1,0,0,0,0,0,0,0,1,1,0,0,0,0,0,0,0,0,0,0,0,0,0,0,19532.61,0,0
WECC_WYCO,WECC_WYCO_landbasedwind_class3_moderate_4,LandbasedWind_Class3_Moderate_,4,194,6,1,0,0,0,1,0,0,0,0,0,0,0,0,0,0,0,0,0,0,0,0,1,1,0,72214.5,-1,-1,-1,0,0,0,1190683.42,84663,44648,0,0,0,0,0,0,0,0,0,0,0,0,None,0,0,1,1,0,0,0,0,0,0,0,1,1,0,0,0,0,0,0,0,0,0,0,0,0,0,0,25818.161,0,0
WECC_WYCO,WECC_WYCO_landbasedwind_class3_moderate_5,LandbasedWind_Class3_Moderate_,5,195,6,1,0,0,0,1,0,0,0,0,0,0,0,0,0,0,0,0,0,0,0,0,1,1,0,63570.7,-1,-1,-1,0,0,0,1190683.42,80678,44648,0,0,0,0,0,0,0,0,0,0,0,0,None,0,0,1,1,0,0,0,0,0,0,0,1,1,0,0,0,0,0,0,0,0,0,0,0,0,0,0,21833.209,0,0
WECC_WYCO,WECC_WYCO_landbasedwind_class3_moderate_6,LandbasedWind_Class3_Moderate_,6,196,6,1,0,0,0,1,0,0,0,0,0,0,0,0,0,0,0,0,0,0,0,0,1,1,0,77815.6,-1,-1,-1,0,0,0,1190683.42,167065,44648,0,0,0,0,0,0,0,0,0,0,0,0,None,0,0,1,1,0,0,0,0,0,0,0,1,1,0,0,0,0,0,0,0,0,0,0,0,0,0,0,108220.979,0,0
WECC_WYCO,WECC_WYCO_utilitypv_class1_moderate_1,UtilityPV_Class1_Moderate_,1,197,6,1,0,0,0,1,0,0,0,0,0,0,0,0,0,0,0,0,0,0,0,0,1,1,0,366409.4,-1,-1,-1,0,0,0,955211.516,57675,18515,0,0,0,0,0,0,0,0,0,0,0,0,None,0,0,1,1,0,0,0,0,0,0,0,1,1,0,0,0,0,0,0,0,0,0,0,0,0,0,0,12936.662,0,0
WECC_WYCO,WECC_WYCO_utilitypv_class1_moderate_2,UtilityPV_Class1_Moderate_,2,198,6,1,0,0,0,1,0,0,0,0,0,0,0,0,0,0,0,0,0,0,0,0,1,1,0,404176.7,-1,-1,-1,0,0,0,955211.516,60828,18515,0,0,0,0,0,0,0,0,0,0,0,0,None,0,0,1,1,0,0,0,0,0,0,0,1,1,0,0,0,0,0,0,0,0,0,0,0,0,0,0,16089.116,0,0
WECC_WYCO,WECC_WYCO_utilitypv_class1_moderate_3,UtilityPV_Class1_Moderate_,3,199,6,1,0,0,0,1,0,0,0,0,0,0,0,0,0,0,0,0,0,0,0,0,1,1,0,392516.4,-1,-1,-1,0,0,0,955211.516,66054,18515,0,0,0,0,0,0,0,0,0,0,0,0,None,0,0,1,1,0,0,0,0,0,0,0,1,1,0,0,0,0,0,0,0,0,0,0,0,0,0,0,21315.214,0,0
WECC_WYCO,WECC_WYCO_utilitypv_class1_moderate_4,UtilityPV_Class1_Moderate_,4,200,6,1,0,0,0,1,0,0,0,0,0,0,0,0,0,0,0,0,0,0,0,0,1,1,0,377878.3,-1,-1,-1,0,0,0,955211.516,69272,18515,0,0,0,0,0,0,0,0,0,0,0,0,None,0,0,1,1,0,0,0,0,0,0,0,1,1,0,0,0,0,0,0,0,0,0,0,0,0,0,0,24533.08,0,0
WECC_WYCO,WECC_WYCO_utilitypv_class1_moderate_5,UtilityPV_Class1_Moderate_,5,201,6,1,0,0,0,1,0,0,0,0,0,0,0,0,0,0,0,0,0,0,0,0,1,1,0,405924.2,-1,-1,-1,0,0,0,955211.516,71153,18515,0,0,0,0,0,0,0,0,0,0,0,0,None,0,0,1,1,0,0,0,0,0,0,0,1,1,0,0,0,0,0,0,0,0,0,0,0,0,0,0,26414.841,0,0
WECC_WYCO,WECC_WYCO_utilitypv_class1_moderate_6,UtilityPV_Class1_Moderate_,6,202,6,1,0,0,0,1,0,0,0,0,0,0,0,0,0,0,0,0,0,0,0,0,1,1,0,364510.9,-1,-1,-1,0,0,0,955211.516,76708,18515,0,0,0,0,0,0,0,0,0,0,0,0,None,0,0,1,1,0,0,0,0,0,0,0,1,1,0,0,0,0,0,0,0,0,0,0,0,0,0,0,31969.981,0,0