R_ID,Zone_name,Zone,Resource,Cluster,New_Build,Num_Units,Cap_size,Existing_Cap_MW,Existing_Cap_MWh,Max_Cap_MW,capex,Inv_cost_per_MWyr,capex_mwh,Inv_cost_per_MWhyr,Fixed_OM_cost_per_MWyr,Fixed_OM_cost_per_MWhyr,Var_OM_cost_per_MWh,Fuel,Heat_rate_MMBTU_per_MWh,heat_rate_mmbtu_mwh_iqr,heat_rate_mmbtu_mwh_std,Min_power,Ramp_Up_percentage,Ramp_Dn_percentage,Commit,Start_cost_per_MW,Start_fuel_MMBTU_per_MW,Up_time,Down_time,Charge_efficiency,Discharge_efficiency,Min_Duration,Max_Duration,THERM,VRE,MUSTRUN,STOR,HYDRO,RPS,CES
1,CA_N,1,biomass,1,0,32,6.6,209.9,0,-1,0,0,0,0,100830,0,2.3,pacific_uranium,10.46,0,0,0.5,0.25,0.25,1,235,0,24,24,1,1,0,0,1,0,0,0,0,0,1
2,CA_N,1,biomass,1,1,0,0,0,0,-1,1660381.746,733972.501,0,0,61431,0,0,None,0,0,0,0,1,1,0,0,0,0,0,1,1,0,0,0,1,0,0,0,1,1
3,CA_N,1,conventional_hydroelectric,0,1,0,0,0,0,-1,1660381.746,623105.983,0,0,61431,0,0,None,0,0,0,0,1,1,0,0,0,0,0,1,1,0,0,0,1,0,0,0,1,1
4,CA_N,1,geothermal,1,0,69,76.1,5254,0,-1,0,0,0,0,17943,0,0,None,9.13,0,0.016,0,1,1,0,0,0,0,0,1,1,0,0,0,1,0,0,0,1,1
5,CA_N,1,geothermal,1,1,0,0,0,0,-1,1660381.746,552516.127,0,0,61431,0,0,None,0,0,0,0,1,1,0,0,0,0,0,1,1,0,0,0,1,0,0,0,1,1
6,CA_N,1,hydroelectric_pumped_storage,1,0,62,92.8,5751.7,0,-1,0,0,0,0,68272,0,0,None,9.12,0,0.006,0,0.083,0.083,0,0,0,0,0,1,1,0,0,0,0,0,0,1,0,1
7,CA_N,1,hydroelectric_pumped_storage,1,1,0,0,0,0,-1,785075.416,98328.543,0,0,12103,0,0,None,0,0,0,0,1,1,0,0,0,0,0,1,1,0,0,0,1,0,0,0,1,1
8,CA_N,1,onshore_wind_turbine,2,-1,2,21,42,6666.67,-1,1152631.419,265727.251,0,0,36613,0,0,None,0,0,0,0,1,1,0,0,0,0,0,1,1,0,0,0,1,0,0,0,1,1
9,CA_N,1,small_hydroelectric,1,0,53,73.5,3893.9,0,-1,785075.416,93980.878,0,0,12103,0,0,None,0,0,0,0,1,1,0,0,0,0,0,1,1,0,0,0,1,0,0,0,1,1
10,CA_N,1,small_hydroelectric,0,1,0,0,0,0,-1,785075.416,95166.368,0,0,12103,0,0,None,0,0,0,0,1,1,0,0,0,0,0,1,1,0,0,0,1,0,0,0,1,1
11,CA_N,1,solar_photovoltaic,2,-1,6,12.2,73.02,46.22,-1,1660381.746,733972.501,0,0,61431,0,0,None,0,0,0,0,1,1,0,0,0,0,0,1,1,0,0,0,1,0,0,0,1,1
12,CA_S,2,biomass,1,0,50,11.9,593.1,0,-1,1152631.419,201361.155,0,0,36613,0,0,None,0,0,0,0,1,1,0,0,0,0,0,1,1,0,0,0,1,0,0,0,1,1
13,CA_S,2,biomass,1,1,0,0,0,0,-1,328200,37639,0,0,8205,0,0,None,0,0,0,0,1,1,0,0,0,0,0,0.92,0.92,1,10,0,0,0,2,0,0,1
14,CA_S,2,conventional_hydroelectric,0,1,0,0,0,0,-1,5912426.309,585045.995,0,0,100888,0,2.3,pacific_uranium,10.46,0,0,0.5,0.25,0.25,1,235,0,24,24,1,1,0,0,1,0,0,0,0,0,1
15,CA_S,2,geothermal,1,0,56,84.6,4735.6,0,-1,328200,37613,100266.667,11491,8205,2506,0,None,0,0,0,0,1,1,0,0,0,0,0,0.92,0.92,1,10,0,0,0,2,0,0,1
16,CA_S,2,geothermal,1,1,0,0,0,0,-1,1873354.76,165817,0,0,33620,0,7.2,rockies_naturalgas_ccs90,7.49,0,0,0.6,1,1,1,87,3.5,6,6,1,1,0,0,1,0,0,0,0,0,1
17,CA_S,2,hydroelectric_pumped_storage,0,1,0,0,0,0,-1,1152631.419,111623.778,0,0,36613,0,0,None,0,0,0,0,1,1,0,0,0,0,0,1,1,0,0,0,1,0,0,0,1,1
18,CA_S,2,hydroelectric_pumped_storage,1,1,0,0,0,0,-1,1152631.419,120510.514,0,0,36613,0,0,None,0,0,0,0,1,1,0,0,0,0,0,1,1,0,0,0,1,0,0,0,1,1
19,CA_S,2,onshore_wind_turbine,2,-1,2,50,100,15873.02,-1,1660381.746,623105.983,0,0,61431,0,0,None,0,0,0,0,1,1,0,0,0,0,0,1,1,0,0,0,1,0,0,0,1,1
20,CA_S,2,small_hydroelectric,1,0,51,23.2,1185.7,0,-1,5912426.309,612534.995,0,0,100888,0,2.3,pacific_uranium,10.46,0,0,0.5,0.25,0.25,1,235,0,24,24,1,1,0,0,1,0,0,0,0,0,1
21,CA_S,2,small_hydroelectric,0,1,0,0,0,0,-1,1152631.419,125130.196,0,0,36613,0,0,None,0,0,0,0,1,1,0,0,0,0,0,1,1,0,0,0,1,0,0,0,1,1
22,CA_S,2,solar_photovoltaic,2,-1,5,235.2,1175.8,186634.92,-1,1660381.746,671117.865,0,0,61431,0,0,None,0,0,0,0,1,1,0,0,0,0,0,1,1,0,0,0,1,0,0,0,1,1
23,WECC_N,3,biomass,0,0,0,0,0,0,-1,1989354.76,211302,0,0,43290,0,7.7,pacific_naturalgas_ccs100,7.86,0,0,0.6,1,1,1,87,3.5,6,6,1,1,0,0,1,0,0,0,0,0,1
24,WECC_N,3,biomass,1,1,0,0,0,0,-1,785075.416,74099.806,0,0,12103,0,0,None,0,0,0,0,1,1,0,0,0,0,0,1,1,0,0,0,1,0,0,0,1,1
25,WECC_N,3,conventional_hydroelectric,0,1,0,0,0,0,-1,785075.416,76186.711,0,0,12103,0,0,None,0,0,0,0,1,1,0,0,0,0,0,1,1,0,0,0,1,0,0,0,1,1
26,WECC_N,3,geothermal,1,0,28,47.4,1327.6,0,-1,1873354.76,205232.198,0,0,33620,0,7.2,pacific_naturalgas_ccs90,7.49,0,0,0.6,1,1,1,87,3.5,6,6,1,1,0,0,1,0,0,0,0,0,1
27,WECC_N,3,geothermal,1,1,0,0,0,0,-1,785075.416,76526.709,0,0,12103,0,0,None,0,0,0,0,1,1,0,0,0,0,0,1,1,0,0,0,1,0,0,0,1,1
28,WECC_N,3,onshore_wind_turbine,2,-1,9,8.3,74.43,0,-1,1660381.746,552516.127,0,0,61431,0,0,None,0,0,0,0,1,1,0,0,0,0,0,1,1,0,0,0,1,0,0,0,1,1
29,WECC_N,3,solar_photovoltaic,2,-1,2,19.1,38.1,0,-1,1660381.746,668884.255,0,0,61431,0,0,None,0,0,0,0,1,1,0,0,0,0,0,1,1,0,0,0,1,0,0,0,1,1
30,WECC_NMAZ,4,biomass,0,0,0,0,0,0,-1,1152631.419,201967.787,0,0,36613,0,0,None,0,0,0,0,1,1,0,0,0,0,0,1,1,0,0,0,1,0,0,0,1,1
31,WECC_NMAZ,4,biomass,1,1,0,0,0,0,-1,1152631.419,115229,0,0,36613,0,0,None,0,0,0,0,1,1,0,0,0,0,0,1,1,0,0,0,1,0,0,0,1,1
32,WECC_NMAZ,4,conventional_hydroelectric,0,1,0,0,0,0,-1,1152631.419,117155.218,0,0,36613,0,0,None,0,0,0,0,1,1,0,0,0,0,0,1,1,0,0,0,1,0,0,0,1,1
33,WECC_NMAZ,4,geothermal,0,0,0,0,0,0,-1,1152631.419,198430.567,0,0,36613,0,0,None,0,0,0,0,1,1,0,0,0,0,0,1,1,0,0,0,1,0,0,0,1,1
34,WECC_NMAZ,4,geothermal,0,1,0,0,0,0,-1,1152631.419,121928.672,0,0,36613,0,0,None,0,0,0,0,1,1,0,0,0,0,0,1,1,0,0,0,1,0,0,0,1,1
35,WECC_NMAZ,4,hydroelectric_pumped_storage,1,0,1,1163,1163,0,-1,785075.416,96170.564,0,0,12103,0,0,None,0,0,0,0,1,1,0,0,0,0,0,1,1,0,0,0,1,0,0,0,1,1
36,WECC_NMAZ,4,hydroelectric_pumped_storage,1,1,0,0,0,0,-1,1152631.419,127983.482,0,0,36613,0,0,None,0,0,0,0,1,1,0,0,0,0,0,1,1,0,0,0,1,0,0,0,1,1
37,WECC_NMAZ,4,nuclear,2,-1,5,19.5,97.3,15444.44,-1,785075.416,98328.543,0,0,12103,0,0,None,0,0,0,0,1,1,0,0,0,0,0,1,1,0,0,0,1,0,0,0,1,1
38,WECC_NMAZ,4,onshore_wind_turbine,1,0,520,18.3,9520,0,-1,785075.416,100253.216,0,0,12103,0,0,None,0,0,0,0,1,1,0,0,0,0,0,1,1,0,0,0,1,0,0,0,1,1
39,WECC_NMAZ,4,solar_photovoltaic,2,-1,3,79.5,238.5,37857.14,-1,785075.416,87377.326,0,0,12103,0,0,None,0,0,0,0,1,1,0,0,0,0,0,1,1,0,0,0,1,0,0,0,1,1
40,WECC_WYCO,6,biomass,0,0,0,0,0,0,-1,785075.416,95296.331,0,0,12103,0,0,None,0,0,0,0,1,1,0,0,0,0,0,1,1,0,0,0,1,0,0,0,1,1
41,WECC_WYCO,6,biomass,1,1,0,0,0,0,-1,0,0,0,0,17943,0,0,None,9.15,0,0.025,0,1,1,0,0,0,0,0,1,1,0,0,0,1,0,0,0,1,1
42,WECC_WYCO,6,conventional_hydroelectric,1,0,200,31.3,6266.4,0,-1,1873354.76,211907.198,0,0,33620,0,7.2,pacific_naturalgas_ccs90,7.49,0,0,0.6,1,1,1,87,3.5,6,6,1,1,0,0,1,0,0,0,0,0,1
43,WECC_WYCO,6,hydroelectric_pumped_storage,1,0,3,1334.3,4002.99,0,-1,785075.416,99724.953,0,0,12103,0,0,None,0,0,0,0,1,1,0,0,0,0,0,1,1,0,0,0,1,0,0,0,1,1
44,WECC_WYCO,6,hydroelectric_pumped_storage,1,1,0,0,0,0,-1,0,0,0,0,100830,0,2.3,pacific_uranium,10.46,0,0,0.5,0.25,0.25,1,235,0,24,24,1,1,0,0,1,0,0,0,0,0,1
45,WECC_WYCO,6,onshore_wind_turbine,2,-1,22,9.8,215.16,136.18,-1,785075.416,90043.824,0,0,12103,0,0,None,0,0,0,0,1,1,0,0,0,0,0,1,1,0,0,0,1,0,0,0,1,1
46,WECC_WYCO,6,solar_photovoltaic,2,-1,15,0.9,13.8,0,-1,785075.416,95166.368,0,0,12103,0,0,None,0,0,0,0,1,1,0,0,0,0,0,1,1,0,0,0,1,0,0,0,1,1
47,CA_N,1,naturalgas_ccccsavgcf,1,-1,55,9.7,535.15,338.7,-1,785075.416,95115.027,0,0,12103,0,0,None,0,0,0,0,1,1,0,0,0,0,0,1,1,0,0,0,1,0,0,0,1,1
48,CA_N,1,new_onshore_wind,CA_N_0,1,0,0,0,0,1266.3,1152631.419,201361.155,0,0,36613,0,0,None,0,0,0,0,1,1,0,0,0,0,0,1,1,0,0,0,1,0,0,0,1,1
49,CA_N,1,new_floating_offshore_wind,CA_N_0,1,0,0,0,0,25689.84,328200,37613,0,0,8205,0,0,None,0,0,0,0,1,1,0,0,0,0,0,0.92,0.92,1,10,0,0,0,2,0,0,1
50,CA_N,1,new_floating_offshore_wind,CA_N_1,1,0,0,0,0,25689.84,5912426.309,612534.995,0,0,100888,0,2.3,pacific_uranium,10.46,0,0,0.5,0.25,0.25,1,235,0,24,24,1,1,0,0,1,0,0,0,0,0,1
51,CA_N,1,new_floating_offshore_wind,CA_N_2,1,0,0,0,0,25689.84,1989354.76,211302,0,0,43290,0,7.7,pacific_naturalgas_ccs100,7.86,0,0,0.6,1,1,1,87,3.5,6,6,1,1,0,0,1,0,0,0,0,0,1
52,CA_N,1,new_floating_offshore_wind,CA_N_3,1,0,0,0,0,25689.84,1873354.76,205232.198,0,0,33620,0,7.2,pacific_naturalgas_ccs90,7.49,0,0,0.6,1,1,1,87,3.5,6,6,1,1,0,0,1,0,0,0,0,0,1
53,CA_N,1,new_floating_offshore_wind,CA_N_4,1,0,0,0,0,25689.84,1152631.419,201967.787,0,0,36613,0,0,None,0,0,0,0,1,1,0,0,0,0,0,1,1,0,0,0,1,0,0,0,1,1
54,CA_N,1,new_utility_pv,CA_N_0,1,0,0,0,0,80739.3,1152631.419,198430.567,0,0,36613,0,0,None,0,0,0,0,1,1,0,0,0,0,0,1,1,0,0,0,1,0,0,0,1,1
55,CA_N,1,new_utility_pv,CA_N_1,1,0,0,0,0,80739.3,785075.416,96170.564,0,0,12103,0,0,None,0,0,0,0,1,1,0,0,0,0,0,1,1,0,0,0,1,0,0,0,1,1
56,CA_N,1,new_utility_pv,CA_N_2,1,0,0,0,0,80739.3,785075.416,100253.216,0,0,12103,0,0,None,0,0,0,0,1,1,0,0,0,0,0,1,1,0,0,0,1,0,0,0,1,1
57,CA_N,1,new_utility_pv,CA_N_3,1,0,0,0,0,80739.3,785075.416,95296.331,0,0,12103,0,0,None,0,0,0,0,1,1,0,0,0,0,0,1,1,0,0,0,1,0,0,0,1,1
58,CA_N,1,battery,1,-1,15,36.2,542.55,343.39,-1,785075.416,95999.325,0,0,12103,0,0,None,0,0,0,0,1,1,0,0,0,0,0,1,1,0,0,0,1,0,0,0,1,1
59,CA_N,1,nuclear,2,-1,7,1,7,0,-1,328200,37639,100266.667,11499,8205,2506,0,None,0,0,0,0,1,1,0,0,0,0,0,0.92,0.92,1,10,0,0,0,2,0,0,1
60,CA_N,1,naturalgas_ccs100,1,-1,4,0.2,0.68,0.43,-1,5912426.309,585045.995,0,0,100888,0,2.3,pacific_uranium,10.46,0,0,0.5,0.25,0.25,1,235,0,24,24,1,1,0,0,1,0,0,0,0,0,1
61,CA_S,2,naturalgas_ccccsavgcf,1,-1,15,41,615.15,97642.86,-1,1989354.76,204213,0,0,43290,0,7.7,pacific_naturalgas_ccs100,7.86,0,0,0.6,1,1,1,87,3.5,6,6,1,1,0,0,1,0,0,0,0,0,1
62,CA_S,2,new_onshore_wind,CA_S_0,1,0,0,0,0,1946.3,1152631.419,123290.422,0,0,36613,0,0,None,0,0,0,0,1,1,0,0,0,0,0,1,1,0,0,0,1,0,0,0,1,1
63,CA_S,2,new_onshore_wind,CA_S_1,1,0,0,0,0,1946.3,785075.416,80835.048,0,0,12103,0,0,None,0,0,0,0,1,1,0,0,0,0,0,1,1,0,0,0,1,0,0,0,1,1
64,CA_S,2,new_onshore_wind,CA_S_2,1,0,0,0,0,1946.3,785075.416,76859.272,0,0,12103,0,0,None,0,0,0,0,1,1,0,0,0,0,0,1,1,0,0,0,1,0,0,0,1,1
65,CA_S,2,new_utility_pv,CA_S_0,1,0,0,0,0,20451.59,785075.416,84497.957,0,0,12103,0,0,None,0,0,0,0,1,1,0,0,0,0,0,1,1,0,0,0,1,0,0,0,1,1
66,CA_S,2,new_utility_pv,CA_S_1,1,0,0,0,0,20451.59,785075.416,77995.825,0,0,12103,0,0,None,0,0,0,0,1,1,0,0,0,0,0,1,1,0,0,0,1,0,0,0,1,1
67,CA_S,2,new_utility_pv,CA_S_2,1,0,0,0,0,20451.59,785075.416,81572.146,0,0,12103,0,0,None,0,0,0,0,1,1,0,0,0,0,0,1,1,0,0,0,1,0,0,0,1,1
68,CA_S,2,new_utility_pv,CA_S_3,1,0,0,0,0,20451.59,785075.416,86977.29,0,0,12103,0,0,None,0,0,0,0,1,1,0,0,0,0,0,1,1,0,0,0,1,0,0,0,1,1
69,CA_S,2,new_utility_pv,CA_S_4,1,0,0,0,0,20451.59,785075.416,80427.817,0,0,12103,0,0,None,0,0,0,0,1,1,0,0,0,0,0,1,1,0,0,0,1,0,0,0,1,1
70,CA_S,2,new_utility_pv,CA_S_5,1,0,0,0,0,20451.59,785075.416,85297.037,0,0,12103,0,0,None,0,0,0,0,1,1,0,0,0,0,0,1,1,0,0,0,1,0,0,0,1,1
71,CA_S,2,new_utility_pv,CA_S_6,1,0,0,0,0,20451.59,328200,37248,0,0,8205,0,0,None,0,0,0,0,1,1,0,0,0,0,0,0.92,0.92,1,10,0,0,0,2,0,0,1
72,CA_S,2,new_utility_pv,CA_S_7,1,0,0,0,0,20451.59,5912426.309,519649.343,0,0,100888,0,2.3,rockies_uranium,10.46,0,0,0.5,0.25,0.25,1,235,0,24,24,1,1,0,0,1,0,0,0,0,0,1
73,CA_S,2,new_utility_pv,CA_S_8,1,0,0,0,0,20451.59,1989354.76,176085,0,0,43290,0,7.7,rockies_naturalgas_ccs100,7.86,0,0,0.6,1,1,1,87,3.5,6,6,1,1,0,0,1,0,0,0,0,0,1
74,CA_S,2,new_utility_pv,CA_S_9,1,0,0,0,0,20451.59,1873354.76,162755.937,0,0,33620,0,7.2,rockies_naturalgas_ccs90,7.49,0,0,0.6,1,1,1,87,3.5,6,6,1,1,0,0,1,0,0,0,0,0,1
75,CA_S,2,battery,1,-1,91,10.6,961.87,1924,-1,1873354.76,165817,0,0,33620,0,7.2,rockies_naturalgas_ccs90,7.49,0,0,0.6,1,1,1,87,3.5,6,6,1,1,0,0,1,0,0,0,0,0,1
76,CA_S,2,nuclear,2,-1,2,4,8.04,0,-1,1152631.419,111623.778,0,0,36613,0,0,None,0,0,0,0,1,1,0,0,0,0,0,1,1,0,0,0,1,0,0,0,1,1
77,CA_S,2,naturalgas_ccs100,1,-1,6,0.6,3.54,0,-1,1152631.419,120510.514,0,0,36613,0,0,None,0,0,0,0,1,1,0,0,0,0,0,1,1,0,0,0,1,0,0,0,1,1
78,WECC_N,3,naturalgas_ccccsavgcf,1,-1,34,4.9,165.24,104.58,-1,1152631.419,122315.45,0,0,36613,0,0,None,0,0,0,0,1,1,0,0,0,0,0,1,1,0,0,0,1,0,0,0,1,1
79,WECC_N,3,new_onshore_wind,WECC_N_0,1,0,0,0,0,74754.1167,785075.416,79757.603,0,0,12103,0,0,None,0,0,0,0,1,1,0,0,0,0,0,1,1,0,0,0,1,0,0,0,1,1
80,WECC_N,3,new_onshore_wind,WECC_N_1,1,0,0,0,0,74754.1167,785075.416,79536.895,0,0,12103,0,0,None,0,0,0,0,1,1,0,0,0,0,0,1,1,0,0,0,1,0,0,0,1,1
81,WECC_N,3,new_onshore_wind,WECC_N_2,1,0,0,0,0,74754.1167,785075.416,77832.441,0,0,12103,0,0,None,0,0,0,0,1,1,0,0,0,0,0,1,1,0,0,0,1,0,0,0,1,1
82,WECC_N,3,new_onshore_wind,WECC_N_3,1,0,0,0,0,74754.1167,785075.416,81065.937,0,0,12103,0,0,None,0,0,0,0,1,1,0,0,0,0,0,1,1,0,0,0,1,0,0,0,1,1
83,WECC_N,3,new_onshore_wind,WECC_N_4,1,0,0,0,0,74754.1167,785075.416,78897.345,0,0,12103,0,0,None,0,0,0,0,1,1,0,0,0,0,0,1,1,0,0,0,1,0,0,0,1,1
84,WECC_N,3,new_onshore_wind,WECC_N_5,1,0,0,0,0,74754.1167,328200,36568,0,0,8205,0,0,None,0,0,0,0,1,1,0,0,0,0,0,0.92,0.92,1,10,0,0,0,2,0,0,1
85,WECC_N,3,new_utility_pv,WECC_N_0,1,0,0,0,0,519406.062,5912426.309,480678.343,0,0,100888,0,2.3,rockies_uranium,10.46,0,0,0.5,0.25,0.25,1,235,0,24,24,1,1,0,0,1,0,0,0,0,0,1
86,WECC_N,3,new_utility_pv,WECC_N_1,1,0,0,0,0,519406.062,1989354.76,166734,0,0,43290,0,7.7,rockies_naturalgas_ccs100,7.86,0,0,0.6,1,1,1,87,3.5,6,6,1,1,0,0,1,0,0,0,0,0,1
87,WECC_N,3,new_utility_pv,WECC_N_2,1,0,0,0,0,519406.062,1873354.76,181653,0,0,33620,0,7.2,pacific_naturalgas_ccs90,7.49,0,0,0.6,1,1,1,87,3.5,6,6,1,1,0,0,1,0,0,0,0,0,1
88,WECC_N,3,new_utility_pv,WECC_N_3,1,0,0,0,0,519406.062,1152631.419,153765.132,0,0,36613,0,0,None,0,0,0,0,1,1,0,0,0,0,0,1,1,0,0,0,1,0,0,0,1,1
89,WECC_N,3,new_utility_pv,WECC_N_4,1,0,0,0,0,519406.062,1660381.746,440715.005,0,0,61431,0,0,None,0,0,0,0,1,1,0,0,0,0,0,1,1,0,0,0,1,0,0,0,1,1
90,WECC_N,3,new_utility_pv,WECC_N_5,1,0,0,0,0,519406.062,1660381.746,454548.008,0,0,61431,0,0,None,0,0,0,0,1,1,0,0,0,0,0,1,1,0,0,0,1,0,0,0,1,1
91,WECC_N,3,new_utility_pv,WECC_N_6,1,0,0,0,0,519406.062,1660381.746,460041.197,0,0,61431,0,0,None,0,0,0,0,1,1,0,0,0,0,0,1,1,0,0,0,1,0,0,0,1,1
92,WECC_N,3,new_utility_pv,WECC_N_7,1,0,0,0,0,519406.062,785075.416,84491.084,0,0,12103,0,0,None,0,0,0,0,1,1,0,0,0,0,0,1,1,0,0,0,1,0,0,0,1,1
93,WECC_N,3,battery,1,-1,14,88.2,1235.1,0,-1,1152631.419,120509.642,0,0,36613,0,0,None,0,0,0,0,1,1,0,0,0,0,0,1,1,0,0,0,1,0,0,0,1,1
94,WECC_N,3,nuclear,1,-1,40,34.9,1396,2792,-1,1152631.419,125130.196,0,0,36613,0,0,None,0,0,0,0,1,1,0,0,0,0,0,1,1,0,0,0,1,0,0,0,1,1
95,WECC_N,3,naturalgas_ccs100,1,-1,4,53.5,214,33968.25,-1,1152631.419,121203.051,0,0,36613,0,0,None,0,0,0,0,1,1,0,0,0,0,0,1,1,0,0,0,1,0,0,0,1,1
96,WECC_NMAZ,4,naturalgas_ccccsavgcf,1,-1,6,270.5,1623,257619.05,-1,1152631.419,128957.586,0,0,36613,0,0,None,0,0,0,0,1,1,0,0,0,0,0,1,1,0,0,0,1,0,0,0,1,1
97,WECC_NMAZ,4,new_onshore_wind,WECC_NMAZ_0,1,0,0,0,0,63288.7286,785075.416,83403.596,0,0,12103,0,0,None,0,0,0,0,1,1,0,0,0,0,0,1,1,0,0,0,1,0,0,0,1,1
98,WECC_NMAZ,4,new_onshore_wind,WECC_NMAZ_1,1,0,0,0,0,63288.7286,785075.416,80462.505,0,0,12103,0,0,None,0,0,0,0,1,1,0,0,0,0,0,1,1,0,0,0,1,0,0,0,1,1
99,WECC_NMAZ,4,new_onshore_wind,WECC_NMAZ_2,1,0,0,0,0,63288.7286,328200,35811,0,0,8205,0,0,None,0,0,0,0,1,1,0,0,0,0,0,0.92,0.92,1,10,0,0,0,2,0,0,1
100,WECC_NMAZ,4,new_onshore_wind,WECC_NMAZ_3,1,0,0,0,0,63288.7286,5912426.309,466046.343,0,0,100888,0,2.3,rockies_uranium,10.46,0,0,0.5,0.25,0.25,1,235,0,24,24,1,1,0,0,1,0,0,0,0,0,1
101,WECC_NMAZ,4,new_onshore_wind,WECC_NMAZ_4,1,0,0,0,0,63288.7286,1989354.76,156779,0,0,43290,0,7.7,rockies_naturalgas_ccs100,7.86,0,0,0.6,1,1,1,87,3.5,6,6,1,1,0,0,1,0,0,0,0,0,1
102,WECC_NMAZ,4,new_onshore_wind,WECC_NMAZ_5,1,0,0,0,0,63288.7286,656055.873,95310,0,0,7143,0,11.2,biogas,8.8,0,0,0.3,1,1,0,118,3.5,1,1,1,1,0,0,0,0,1,0,0,0,1
103,WECC_NMAZ,4,new_onshore_wind,WECC_NMAZ_6,1,0,0,0,0,63288.7286,656055.873,95310,0,0,7143,0,11.2,biogas,8.8,0,0,0.3,1,1,0,118,3.5,1,1,1,1,0,0,0,0,1,0,0,0,1
104,WECC_NMAZ,4,new_utility_pv,WECC_NMAZ_0,1,0,0,0,0,287169.392,656055.873,95310,0,0,7143,0,11.2,biogas,8.8,0,0,0.3,1,1,0,118,3.5,1,1,1,1,0,0,0,0,1,0,0,0,1
105,WECC_NMAZ,4,new_utility_pv,WECC_NMAZ_1,1,0,0,0,0,287169.392,656055.873,95310,0,0,7143,0,11.2,biogas,8.8,0,0,0.3,1,1,0,118,3.5,1,1,1,1,0,0,0,0,1,0,0,0,1
106,WECC_NMAZ,4,new_utility_pv,WECC_NMAZ_2,1,0,0,0,0,287169.392,0,0,0,0,135226,0,0,None,9.12,0,0,0.429,1,1,0,0,0,0,0,1,1,0,0,1,0,1,0,0,1,1
107,WECC_NMAZ,4,new_utility_pv,WECC_NMAZ_3,1,0,0,0,0,287169.392,0,0,0,0,135226,0,0,None,9.12,0,0,0.435,1,1,0,0,0,0,0,1,1,0,0,1,0,1,0,0,1,1
108,WECC_NMAZ,4,new_utility_pv,WECC_NMAZ_4,1,0,0,0,0,287169.392,0,0,0,0,97272,0,0,None,9.1,0,0,0,1,1,0,0,0,0,0,1,1,0,0,0,0,1,0,0,1,1
109,WECC_NMAZ,4,new_utility_pv,WECC_NMAZ_5,1,0,0,0,0,287169.392,0,0,0,0,135226,0,0,None,9.12,0,0,0.364,1,1,0,0,0,0,0,1,1,0,0,1,0,1,0,0,1,1
110,WECC_NMAZ,4,new_utility_pv,WECC_NMAZ_6,1,0,0,0,0,287169.392,0,0,0,0,104385,0,5.2,None,12.62,1.184,0.724,0.652,1,1,0,0,0,0,0,1,1,0,0,0,0,1,0,0,1,1
111,WECC_NMAZ,4,new_utility_pv,WECC_NMAZ_7,1,0,0,0,0,287169.392,0,0,0,0,82854,0,4.1,None,10.01,2.218,1.527,0.34,1,1,0,0,0,0,0,1,1,0,0,0,0,1,0,0,1,1
112,WECC_NMAZ,4,new_utility_pv,WECC_NMAZ_8,1,0,0,0,0,287169.392,0,0,0,0,64294,0,3.2,None,7.77,4.339,2.041,0.374,1,1,0,0,0,0,0,1,1,0,0,0,0,1,0,0,1,1
113,WECC_NMAZ,4,new_utility_pv,WECC_NMAZ_9,1,0,0,0,0,287169.392,0,0,0,0,97272,0,0,None,0,0,0,0.055,1,1,0,0,0,0,0,1,1,0,0,0,0,1,0,0,1,1
114,WECC_NMAZ,4,new_utility_pv,WECC_NMAZ_10,1,0,0,0,0,287169.392,656055.873,95310,0,0,7143,0,11.2,biogas,8.8,0,0,0.3,1,1,0,118,3.5,1,1,1,1,0,0,0,0,1,0,0,0,1
115,WECC_NMAZ,4,new_utility_pv,WECC_NMAZ_11,1,0,0,0,0,287169.392,656055.873,95310,0,0,7143,0,11.2,biogas,8.8,0,0,0.3,1,1,0,118,3.5,1,1,1,1,0,0,0,0,1,0,0,0,1
116,WECC_NMAZ,4,battery,1,-1,55,72,3960,7920,-1,785075.416,74099.806,0,0,12103,0,0,None,0,0,0,0,1,1,0,0,0,0,0,1,1,0,0,0,1,0,0,0,1,1
117,WECC_NMAZ,4,nuclear,1,-1,265,17.5,4648.1,18592,-1,785075.416,76186.711,0,0,12103,0,0,None,0,0,0,0,1,1,0,0,0,0,0,1,1,0,0,0,1,0,0,0,1,1
118,WECC_NMAZ,4,naturalgas_ccs100,1,-1,6,0.8,4.8,0,-1,785075.416,74233.982,0,0,12103,0,0,None,0,0,0,0,1,1,0,0,0,0,0,1,1,0,0,0,1,0,0,0,1,1
119,WECC_PNW,5,naturalgas_ccccsavgcf,1,-1,130,1.8,231.4,0,-1,785075.416,76526.709,0,0,12103,0,0,None,0,0,0,0,1,1,0,0,0,0,0,1,1,0,0,0,1,0,0,0,1,1
120,WECC_PNW,5,new_onshore_wind,WECC_PNW_0,1,0,0,0,0,48764.4,0,0,0,0,17943,0,0,None,9.16,0.092,0.044,0,1,1,0,0,0,0,0,1,1,0,0,0,1,0,0,0,1,1
121,WECC_PNW,5,new_floating_offshore_wind,WECC_PNW_0,1,0,0,0,0,6591.433,0,0,0,0,68272,0,0,None,0,0,0,0.672,1,1,0,0,0,0,0,0.866,0.866,0,0,0,0,0,1,0,0,1
122,WECC_PNW,5,new_floating_offshore_wind,WECC_PNW_1,1,0,0,0,0,6591.433,0,0,0,0,97272,0,0,None,9.13,0,0.115,0.193,1,1,0,0,0,0,0,1,1,0,0,0,0,1,0,0,1,1
123,WECC_PNW,5,new_floating_offshore_wind,WECC_PNW_2,1,0,0,0,0,6591.433,0,0,0,0,135226,0,0,None,9.12,0,0,0.18,1,1,0,0,0,0,0,1,1,0,0,1,0,1,0,0,1,1
124,WECC_PNW,5,new_utility_pv,WECC_PNW_2,1,0,0,0,0,344637,0,0,0,0,68272,0,0,None,0,0,0,0,1,1,0,0,0,0,0,0.866,0.866,0,0,0,0,0,1,0,0,1
125,WECC_PNW,5,battery,1,-1,108,61.2,6607.44,13215,-1,5912426.309,519134.343,0,0,100888,0,2.3,pacific_uranium,10.46,0,0,0.5,0.25,0.25,1,235,0,24,24,1,1,0,0,1,0,0,0,0,0,1
126,WECC_PNW,5,nuclear,1,-1,500,59.7,29850,119400,-1,1989354.76,192901,0,0,43290,0,7.7,pacific_naturalgas_ccs100,7.86,0,0,0.6,1,1,1,87,3.5,6,6,1,1,0,0,1,0,0,0,0,0,1
127,WECC_PNW,5,naturalgas_ccs100,1,-1,2,162,324,51428.57,-1,1152631.419,113872.355,0,0,36613,0,0,None,0,0,0,0,1,1,0,0,0,0,0,1,1,0,0,0,1,0,0,0,1,1
128,WECC_WYCO,6,naturalgas_ccccsavgcf,2,-1,1,1.2,1.17,0.74,-1,1152631.419,115229,0,0,36613,0,0,None,0,0,0,0,1,1,0,0,0,0,0,1,1,0,0,0,1,0,0,0,1,1
129,WECC_WYCO,6,new_onshore_wind,WECC_WYCO_0,1,0,0,0,0,60173.02857,0,0,0,0,43205,0,0,None,9.12,0,0.024,0,1,1,0,0,0,0,0,1,1,0,0,0,1,0,0,0,1,1
130,WECC_WYCO,6,new_onshore_wind,WECC_WYCO_1,1,0,0,0,0,60173.02857,0,0,0,0,68272,0,0,None,9.12,0,0,0,0.083,0.083,0,0,0,0,0,1,1,0,0,0,0,0,0,1,0,1
131,WECC_WYCO,6,new_onshore_wind,WECC_WYCO_2,1,0,0,0,0,60173.02857,0,0,0,0,68272,0,0,None,0,0,0,0.037,1,1,0,0,0,0,0,0.866,0.866,0,0,0,0,0,1,0,0,1
132,WECC_WYCO,6,new_onshore_wind,WECC_WYCO_3,1,0,0,0,0,60173.02857,0,0,0,0,17943,0,0,None,9.13,0,0.024,0,1,1,0,0,0,0,0,1,1,0,0,0,1,0,0,0,1,1
133,WECC_WYCO,6,new_onshore_wind,WECC_WYCO_4,1,0,0,0,0,60173.02857,0,0,0,0,43205,0,0,None,9.12,0,0.018,0,1,1,0,0,0,0,0,1,1,0,0,0,1,0,0,0,1,1
134,WECC_WYCO,6,new_onshore_wind,WECC_WYCO_5,1,0,0,0,0,60173.02857,0,0,0,0,68272,0,0,None,9.12,0,0.006,0,0.083,0.083,0,0,0,0,0,1,1,0,0,0,0,0,0,1,0,1
135,WECC_WYCO,6,new_onshore_wind,WECC_WYCO_6,1,0,0,0,0,60173.02857,0,0,0,0,100859,0,2.3,rockies_uranium,10.46,0,0,0.5,0.25,0.25,1,235,0,24,24,1,1,0,0,1,0,0,0,0,0,1
136,WECC_WYCO,6,new_utility_pv,WECC_WYCO_0,1,0,0,0,0,462283.18,0,0,0,0,68272,0,0,None,9.12,0,0.01,0,0.083,0.083,0,0,0,0,0,1,1,0,0,0,0,0,0,1,0,1
137,WECC_WYCO,6,new_utility_pv,WECC_WYCO_1,1,0,0,0,0,462283.18,0,0,0,0,43205,0,0,None,9.12,0,0.012,0,1,1,0,0,0,0,0,1,1,0,0,0,1,0,0,0,1,1
138,WECC_WYCO,6,new_utility_pv,WECC_WYCO_2,1,0,0,0,0,462283.18,0,0,0,0,43205,0,0,None,9.12,0,0.016,0,1,1,0,0,0,0,0,1,1,0,0,0,1,0,0,0,1,1
139,WECC_WYCO,6,new_utility_pv,WECC_WYCO_3,1,0,0,0,0,462283.18,0,0,0,0,43205,0,0,None,9.14,0,0.026,0,1,1,0,0,0,0,0,1,1,0,0,0,1,0,0,0,1,1
140,WECC_WYCO,6,new_utility_pv,WECC_WYCO_4,1,0,0,0,0,462283.18,0,0,0,0,17943,0,0,None,9.13,0,0.016,0,1,1,0,0,0,0,0,1,1,0,0,0,1,0,0,0,1,1
141,WECC_WYCO,6,battery,2,-1,1,2,1.95,0,-1,1152631.419,117155.218,0,0,36613,0,0,None,0,0,0,0,1,1,0,0,0,0,0,1,1,0,0,0,1,0,0,0,1,1
142,WECC_WYCO,6,nuclear,2,-1,1,2.7,2.66,1.68,-1,1152631.419,124361.495,0,0,36613,0,0,None,0,0,0,0,1,1,0,0,0,0,0,1,1,0,0,0,1,0,0,0,1,1
143,WECC_WYCO,6,naturalgas_ccs100,1,-1,13,0.5,6.24,0,-1,1152631.419,121928.672,0,0,36613,0,0,None,0,0,0,0,1,1,0,0,0,0,0,1,1,0,0,0,1,0,0,0,1,1
156,CA_N,1,new_biogas_CCGT,1,-1,3,4.8,14.49,9.17,-1,1152631.419,124614.489,0,0,36613,0,0,None,0,0,0,0,1,1,0,0,0,0,0,1,1,0,0,0,1,0,0,0,1,1
157,CA_S,2,new_biogas_CCGT,1,-1,71,0.4,28.4,0,-1,1152631.419,127983.482,0,0,36613,0,0,None,0,0,0,0,1,1,0,0,0,0,0,1,1,0,0,0,1,0,0,0,1,1
158,WECC_N,3,new_biogas_CCGT,1,-1,2,18.4,36.72,0,-1,0,0,0,0,142946,0,7.1,None,17.27,1.1,1.271,0.32,1,1,0,0,0,0,0,1,1,0,0,0,0,1,0,0,1,1
159,WECC_NMAZ,4,new_biogas_CCGT,1,-1,60,1.1,67.2,0,-1,0,0,0,0,101630,0,5.1,None,12.28,2.472,2.042,0.538,1,1,0,0,0,0,0,1,1,0,0,0,0,1,0,0,1,1
160,WECC_PNW,5,new_biogas_CCGT,1,-1,1,119,119,18888.89,-1,0,0,0,0,135226,0,0,None,9.12,0,0,0.053,1,1,0,0,0,0,0,1,1,0,0,1,0,1,0,0,1,1
161,WECC_WYCO,6,new_biogas_CCGT,1,-1,116,1.1,126.44,0,-1,0,0,0,0,135226,0,0,None,9.12,0,0,0.398,1,1,0,0,0,0,0,1,1,0,0,1,0,1,0,0,1,1
162,WECC_PNW,5,biomass,1,0,0,0,0,0,-1,785075.416,95737.398,0,0,12103,0,0,None,0,0,0,0,1,1,0,0,0,0,0,1,1,0,0,0,1,0,0,0,1,1
163,WECC_PNW,5,biomass,1,1,0,0,0,0,-1,0,0,0,0,85039,0,4.2,None,10.28,1.211,1.709,0.422,1,1,0,0,0,0,0,1,1,0,0,0,0,1,0,0,1,1
164,WECC_PNW,5,conventional_hydroelectric,0,1,0,0,0,0,-1,0,0,0,0,108622,0,5.4,None,13.13,3.306,4.675,0.606,1,1,0,0,0,0,0,1,1,0,0,0,0,1,0,0,1,1
165,WECC_PNW,5,geothermal,1,0,0,0,0,0,-1,1152631.419,118078.004,0,0,36613,0,0,None,0,0,0,0,1,1,0,0,0,0,0,1,1,0,0,0,1,0,0,0,1,1
166,WECC_PNW,5,geothermal,0,1,0,0,0,0,-1,0,0,0,0,99702,0,5,None,12.05,1.484,2.744,0.571,1,1,0,0,0,0,0,1,1,0,0,0,0,1,0,0,1,1
167,WECC_PNW,5,hydroelectric_pumped_storage,1,0,152,18.3,2787.1,0,-1,1152631.419,123290.422,0,0,36613,0,0,None,0,0,0,0,1,1,0,0,0,0,0,1,1,0,0,0,1,0,0,0,1,1
168,WECC_PNW,5,hydroelectric_pumped_storage,1,1,0,0,0,0,-1,0,0,0,0,176342,0,8.8,None,21.31,8.947,10.576,0.295,1,1,0,0,0,0,0,1,1,0,0,0,0,1,0,0,1,1
169,WECC_PNW,5,nuclear,2,-1,3,11,33.06,0,-1,0,0,0,0,17943,0,0,None,9.15,0,0.025,0,1,1,0,0,0,0,0,1,1,0,0,0,1,0,0,0,1,1
170,WECC_PNW,5,onshore_wind_turbine,2,-1,8,12.5,100.32,63.49,-1,0,0,0,0,68272,0,0,None,0,0,0,0.033,1,1,0,0,0,0,0,0.866,0.866,0,0,0,0,0,1,0,0,1
171,WECC_PNW,5,solar_photovoltaic,2,-1,3,3.8,11.4,0,-1,0,0,0,0,68272,0,0,None,9.12,0,0,0,0.083,0.083,0,0,0,0,0,1,1,0,0,0,0,0,0,1,0,1